/*
Navicat MySQL Data Transfer

Source Server         : local
Source Server Version : 50721
Source Host           : localhost:3306
Source Database       : oce

Target Server Type    : MYSQL
Target Server Version : 50721
File Encoding         : 65001

Date: 2018-05-16 17:36:35
*/

SET FOREIGN_KEY_CHECKS=0;

-- ----------------------------
-- Table structure for `auth_group`
-- ----------------------------
DROP TABLE IF EXISTS `auth_group`;
CREATE TABLE `auth_group` (
  `id` int(11) NOT NULL AUTO_INCREMENT,
  `name` varchar(80) NOT NULL,
  PRIMARY KEY (`id`),
  UNIQUE KEY `name` (`name`)
) ENGINE=InnoDB DEFAULT CHARSET=utf8;

-- ----------------------------
-- Records of auth_group
-- ----------------------------

-- ----------------------------
-- Table structure for `auth_group_permissions`
-- ----------------------------
DROP TABLE IF EXISTS `auth_group_permissions`;
CREATE TABLE `auth_group_permissions` (
  `id` int(11) NOT NULL AUTO_INCREMENT,
  `group_id` int(11) NOT NULL,
  `permission_id` int(11) NOT NULL,
  PRIMARY KEY (`id`),
  UNIQUE KEY `group_id` (`group_id`,`permission_id`),
  KEY `auth_group_permissi_permission_id_23962d04_fk_auth_permission_id` (`permission_id`),
  CONSTRAINT `auth_group_permissi_permission_id_23962d04_fk_auth_permission_id` FOREIGN KEY (`permission_id`) REFERENCES `auth_permission` (`id`),
  CONSTRAINT `auth_group_permissions_group_id_58c48ba9_fk_auth_group_id` FOREIGN KEY (`group_id`) REFERENCES `auth_group` (`id`)
) ENGINE=InnoDB DEFAULT CHARSET=utf8;

-- ----------------------------
-- Records of auth_group_permissions
-- ----------------------------

-- ----------------------------
-- Table structure for `auth_permission`
-- ----------------------------
DROP TABLE IF EXISTS `auth_permission`;
CREATE TABLE `auth_permission` (
  `id` int(11) NOT NULL AUTO_INCREMENT,
  `name` varchar(255) NOT NULL,
  `content_type_id` int(11) NOT NULL,
  `codename` varchar(100) NOT NULL,
  PRIMARY KEY (`id`),
  UNIQUE KEY `content_type_id` (`content_type_id`,`codename`),
  CONSTRAINT `auth_permissi_content_type_id_51277a81_fk_django_content_type_id` FOREIGN KEY (`content_type_id`) REFERENCES `django_content_type` (`id`)
) ENGINE=InnoDB AUTO_INCREMENT=28 DEFAULT CHARSET=utf8;

-- ----------------------------
-- Records of auth_permission
-- ----------------------------
INSERT INTO `auth_permission` VALUES ('1', 'Can add log entry', '1', 'add_logentry');
INSERT INTO `auth_permission` VALUES ('2', 'Can change log entry', '1', 'change_logentry');
INSERT INTO `auth_permission` VALUES ('3', 'Can delete log entry', '1', 'delete_logentry');
INSERT INTO `auth_permission` VALUES ('4', 'Can add permission', '2', 'add_permission');
INSERT INTO `auth_permission` VALUES ('5', 'Can change permission', '2', 'change_permission');
INSERT INTO `auth_permission` VALUES ('6', 'Can delete permission', '2', 'delete_permission');
INSERT INTO `auth_permission` VALUES ('7', 'Can add group', '3', 'add_group');
INSERT INTO `auth_permission` VALUES ('8', 'Can change group', '3', 'change_group');
INSERT INTO `auth_permission` VALUES ('9', 'Can delete group', '3', 'delete_group');
INSERT INTO `auth_permission` VALUES ('10', 'Can add user', '4', 'add_user');
INSERT INTO `auth_permission` VALUES ('11', 'Can change user', '4', 'change_user');
INSERT INTO `auth_permission` VALUES ('12', 'Can delete user', '4', 'delete_user');
INSERT INTO `auth_permission` VALUES ('13', 'Can add content type', '5', 'add_contenttype');
INSERT INTO `auth_permission` VALUES ('14', 'Can change content type', '5', 'change_contenttype');
INSERT INTO `auth_permission` VALUES ('15', 'Can delete content type', '5', 'delete_contenttype');
INSERT INTO `auth_permission` VALUES ('16', 'Can add session', '6', 'add_session');
INSERT INTO `auth_permission` VALUES ('17', 'Can change session', '6', 'change_session');
INSERT INTO `auth_permission` VALUES ('18', 'Can delete session', '6', 'delete_session');
INSERT INTO `auth_permission` VALUES ('19', 'Can add 首页轮播图', '7', 'add_banner');
INSERT INTO `auth_permission` VALUES ('20', 'Can change 首页轮播图', '7', 'change_banner');
INSERT INTO `auth_permission` VALUES ('21', 'Can delete 首页轮播图', '7', 'delete_banner');
INSERT INTO `auth_permission` VALUES ('22', 'Can add 分类', '8', 'add_category');
INSERT INTO `auth_permission` VALUES ('23', 'Can change 分类', '8', 'change_category');
INSERT INTO `auth_permission` VALUES ('24', 'Can delete 分类', '8', 'delete_category');
INSERT INTO `auth_permission` VALUES ('25', 'Can add 内容管理', '9', 'add_story');
INSERT INTO `auth_permission` VALUES ('26', 'Can change 内容管理', '9', 'change_story');
INSERT INTO `auth_permission` VALUES ('27', 'Can delete 内容管理', '9', 'delete_story');

-- ----------------------------
-- Table structure for `auth_user`
-- ----------------------------
DROP TABLE IF EXISTS `auth_user`;
CREATE TABLE `auth_user` (
  `id` int(11) NOT NULL AUTO_INCREMENT,
  `password` varchar(128) NOT NULL,
  `last_login` datetime(6) DEFAULT NULL,
  `is_superuser` tinyint(1) NOT NULL,
  `username` varchar(30) NOT NULL,
  `first_name` varchar(30) NOT NULL,
  `last_name` varchar(30) NOT NULL,
  `email` varchar(254) NOT NULL,
  `is_staff` tinyint(1) NOT NULL,
  `is_active` tinyint(1) NOT NULL,
  `date_joined` datetime(6) NOT NULL,
  PRIMARY KEY (`id`),
  UNIQUE KEY `username` (`username`)
) ENGINE=InnoDB AUTO_INCREMENT=2 DEFAULT CHARSET=utf8;

-- ----------------------------
-- Records of auth_user
-- ----------------------------
INSERT INTO `auth_user` VALUES ('1', 'pbkdf2_sha256$20000$LuKoOrKVzqN1$N/sjn4AKU/Dd7IyqYIi9AvsQEnIUQ1+D3Y5mD4rFEaw=', '2018-05-16 16:06:24.801000', '1', 'admin', '', '', '', '1', '1', '2018-01-10 12:06:09.435000');

-- ----------------------------
-- Table structure for `auth_user_groups`
-- ----------------------------
DROP TABLE IF EXISTS `auth_user_groups`;
CREATE TABLE `auth_user_groups` (
  `id` int(11) NOT NULL AUTO_INCREMENT,
  `user_id` int(11) NOT NULL,
  `group_id` int(11) NOT NULL,
  PRIMARY KEY (`id`),
  UNIQUE KEY `user_id` (`user_id`,`group_id`),
  KEY `auth_user_groups_group_id_30a071c9_fk_auth_group_id` (`group_id`),
  CONSTRAINT `auth_user_groups_group_id_30a071c9_fk_auth_group_id` FOREIGN KEY (`group_id`) REFERENCES `auth_group` (`id`),
  CONSTRAINT `auth_user_groups_user_id_24702650_fk_auth_user_id` FOREIGN KEY (`user_id`) REFERENCES `auth_user` (`id`)
) ENGINE=InnoDB DEFAULT CHARSET=utf8;

-- ----------------------------
-- Records of auth_user_groups
-- ----------------------------

-- ----------------------------
-- Table structure for `auth_user_user_permissions`
-- ----------------------------
DROP TABLE IF EXISTS `auth_user_user_permissions`;
CREATE TABLE `auth_user_user_permissions` (
  `id` int(11) NOT NULL AUTO_INCREMENT,
  `user_id` int(11) NOT NULL,
  `permission_id` int(11) NOT NULL,
  PRIMARY KEY (`id`),
  UNIQUE KEY `user_id` (`user_id`,`permission_id`),
  KEY `auth_user_user_perm_permission_id_3d7071f0_fk_auth_permission_id` (`permission_id`),
  CONSTRAINT `auth_user_user_perm_permission_id_3d7071f0_fk_auth_permission_id` FOREIGN KEY (`permission_id`) REFERENCES `auth_permission` (`id`),
  CONSTRAINT `auth_user_user_permissions_user_id_7cd7acb6_fk_auth_user_id` FOREIGN KEY (`user_id`) REFERENCES `auth_user` (`id`)
) ENGINE=InnoDB DEFAULT CHARSET=utf8;

-- ----------------------------
-- Records of auth_user_user_permissions
-- ----------------------------

-- ----------------------------
-- Table structure for `django_admin_log`
-- ----------------------------
DROP TABLE IF EXISTS `django_admin_log`;
CREATE TABLE `django_admin_log` (
  `id` int(11) NOT NULL AUTO_INCREMENT,
  `action_time` datetime(6) NOT NULL,
  `object_id` longtext,
  `object_repr` varchar(200) NOT NULL,
  `action_flag` smallint(5) unsigned NOT NULL,
  `change_message` longtext NOT NULL,
  `content_type_id` int(11) DEFAULT NULL,
  `user_id` int(11) NOT NULL,
  PRIMARY KEY (`id`),
  KEY `django_admin__content_type_id_5151027a_fk_django_content_type_id` (`content_type_id`),
  KEY `django_admin_log_user_id_1c5f563_fk_auth_user_id` (`user_id`),
  CONSTRAINT `django_admin__content_type_id_5151027a_fk_django_content_type_id` FOREIGN KEY (`content_type_id`) REFERENCES `django_content_type` (`id`),
  CONSTRAINT `django_admin_log_user_id_1c5f563_fk_auth_user_id` FOREIGN KEY (`user_id`) REFERENCES `auth_user` (`id`)
) ENGINE=InnoDB AUTO_INCREMENT=167 DEFAULT CHARSET=utf8;

-- ----------------------------
-- Records of django_admin_log
-- ----------------------------
INSERT INTO `django_admin_log` VALUES ('1', '2018-01-10 12:53:57.494000', '1', '新闻', '1', '', '8', '1');
INSERT INTO `django_admin_log` VALUES ('2', '2018-01-10 12:54:05.339000', '1', '新闻中心', '1', '', '9', '1');
INSERT INTO `django_admin_log` VALUES ('3', '2018-01-11 13:07:55.920000', '1', '新闻中心', '2', '已修改 content 。', '9', '1');
INSERT INTO `django_admin_log` VALUES ('4', '2018-01-11 13:10:13.163000', '1', '新闻中心', '2', '已修改 content 。', '9', '1');
INSERT INTO `django_admin_log` VALUES ('5', '2018-01-11 13:10:24.187000', '1', '新闻中心', '2', '没有字段被修改。', '9', '1');
INSERT INTO `django_admin_log` VALUES ('6', '2018-01-11 13:11:47.276000', '1', '新闻中心', '2', '已修改 content 。', '9', '1');
INSERT INTO `django_admin_log` VALUES ('7', '2018-01-11 13:12:42.117000', '2', '产品中心', '1', '', '8', '1');
INSERT INTO `django_admin_log` VALUES ('8', '2018-01-11 13:13:08.563000', '3', '关于我们', '1', '', '8', '1');
INSERT INTO `django_admin_log` VALUES ('9', '2018-01-11 13:13:23.798000', '2', '产品中心', '2', '已修改 sort 。', '8', '1');
INSERT INTO `django_admin_log` VALUES ('10', '2018-01-11 13:13:48.491000', '1', '新闻中心', '2', '已修改 name，level，sort 和 is_root 。', '8', '1');
INSERT INTO `django_admin_log` VALUES ('11', '2018-01-11 13:14:06.143000', '4', '客户服务', '1', '', '8', '1');
INSERT INTO `django_admin_log` VALUES ('12', '2018-01-11 13:14:30.770000', '5', '人才招聘', '1', '', '8', '1');
INSERT INTO `django_admin_log` VALUES ('13', '2018-01-11 13:14:57.520000', '6', '联系我们', '1', '', '8', '1');
INSERT INTO `django_admin_log` VALUES ('14', '2018-01-11 13:15:45.858000', '7', '公司简介', '1', '', '8', '1');
INSERT INTO `django_admin_log` VALUES ('15', '2018-01-11 13:16:12.708000', '7', '公司简介', '2', '没有字段被修改。', '8', '1');
INSERT INTO `django_admin_log` VALUES ('16', '2018-01-11 13:16:32.150000', '8', '企业文化', '1', '', '8', '1');
INSERT INTO `django_admin_log` VALUES ('17', '2018-01-11 13:16:51.235000', '9', '公司理念', '1', '', '8', '1');
INSERT INTO `django_admin_log` VALUES ('18', '2018-01-11 13:17:28.436000', '10', '合作伙伴', '1', '', '8', '1');
INSERT INTO `django_admin_log` VALUES ('19', '2018-01-11 13:18:45.831000', '11', '主营推荐产品', '1', '', '8', '1');
INSERT INTO `django_admin_log` VALUES ('20', '2018-01-11 13:19:10.302000', '12', '标准化产品', '1', '', '8', '1');
INSERT INTO `django_admin_log` VALUES ('21', '2018-01-11 13:19:31.062000', '13', '定制化产品', '1', '', '8', '1');
INSERT INTO `django_admin_log` VALUES ('22', '2018-01-11 13:19:53.195000', '14', '企业新闻', '1', '', '8', '1');
INSERT INTO `django_admin_log` VALUES ('23', '2018-01-11 13:20:06.845000', '15', '行业动态', '1', '', '8', '1');
INSERT INTO `django_admin_log` VALUES ('24', '2018-01-11 13:20:27.372000', '16', '客户案例', '1', '', '8', '1');
INSERT INTO `django_admin_log` VALUES ('25', '2018-01-11 13:20:47.258000', '17', '市场部', '1', '', '8', '1');
INSERT INTO `django_admin_log` VALUES ('26', '2018-01-11 13:20:58.619000', '18', '研发部', '1', '', '8', '1');
INSERT INTO `django_admin_log` VALUES ('27', '2018-01-11 13:21:10.637000', '19', '经营部', '1', '', '8', '1');
INSERT INTO `django_admin_log` VALUES ('28', '2018-01-11 13:21:28.199000', '20', '联系我们', '1', '', '8', '1');
INSERT INTO `django_admin_log` VALUES ('29', '2018-01-11 13:21:51.158000', '21', '客户留言', '1', '', '8', '1');
INSERT INTO `django_admin_log` VALUES ('30', '2018-01-11 13:22:20.004000', '14', '企业新闻', '2', '已修改 level 。', '8', '1');
INSERT INTO `django_admin_log` VALUES ('31', '2018-01-11 19:45:35.822000', '1', '新闻中心', '3', '', '9', '1');
INSERT INTO `django_admin_log` VALUES ('32', '2018-01-11 19:51:07.261000', '2', '11', '1', '', '9', '1');
INSERT INTO `django_admin_log` VALUES ('33', '2018-01-11 20:32:48.647000', '2', '11', '2', '已修改 content 。', '9', '1');
INSERT INTO `django_admin_log` VALUES ('34', '2018-01-11 20:33:23.473000', '2', '11', '2', '已修改 content 。', '9', '1');
INSERT INTO `django_admin_log` VALUES ('35', '2018-01-11 20:46:06.736000', '2', '11', '2', '已修改 content 。', '9', '1');
INSERT INTO `django_admin_log` VALUES ('36', '2018-01-11 20:46:14.551000', '2', '11', '2', '已修改 content 。', '9', '1');
INSERT INTO `django_admin_log` VALUES ('37', '2018-01-11 20:59:36.336000', '2', '11', '2', '已修改 content 。', '9', '1');
INSERT INTO `django_admin_log` VALUES ('38', '2018-01-11 21:02:57.481000', '2', '11', '2', '已修改 content 。', '9', '1');
INSERT INTO `django_admin_log` VALUES ('39', '2018-01-11 21:03:04.171000', '2', '11', '2', '没有字段被修改。', '9', '1');
INSERT INTO `django_admin_log` VALUES ('40', '2018-01-12 21:02:03.413573', '2', '11', '3', '', '9', '1');
INSERT INTO `django_admin_log` VALUES ('41', '2018-01-12 21:02:34.544873', '3', '新闻一', '1', '', '9', '1');
INSERT INTO `django_admin_log` VALUES ('42', '2018-01-12 21:03:08.464490', '4', '新闻附一', '1', '', '9', '1');
INSERT INTO `django_admin_log` VALUES ('43', '2018-01-12 21:03:31.078822', '5', '新闻附二', '1', '', '9', '1');
INSERT INTO `django_admin_log` VALUES ('44', '2018-01-12 21:03:55.438871', '6', '新闻21', '1', '', '9', '1');
INSERT INTO `django_admin_log` VALUES ('45', '2018-01-12 21:04:14.183714', '7', '产品一二', '1', '', '9', '1');
INSERT INTO `django_admin_log` VALUES ('46', '2018-01-13 10:21:15.950374', '3', '新闻一', '2', '已修改 content 。', '9', '1');
INSERT INTO `django_admin_log` VALUES ('47', '2018-01-13 10:22:01.290174', '4', '新闻附一', '2', '已修改 content 。', '9', '1');
INSERT INTO `django_admin_log` VALUES ('48', '2018-01-13 10:22:20.554770', '5', '新闻附二', '2', '已修改 content 。', '9', '1');
INSERT INTO `django_admin_log` VALUES ('49', '2018-01-13 10:23:48.260890', '4', '新闻附一', '2', '已修改 content 。', '9', '1');
INSERT INTO `django_admin_log` VALUES ('50', '2018-01-13 10:24:28.086607', '6', '新闻21', '2', '已修改 content 。', '9', '1');
INSERT INTO `django_admin_log` VALUES ('51', '2018-01-13 11:01:17.001950', '8', '产品鸡鸡', '1', '', '9', '1');
INSERT INTO `django_admin_log` VALUES ('52', '2018-01-14 21:07:06.432383', '9', 'test1111', '1', '', '9', '1');
INSERT INTO `django_admin_log` VALUES ('53', '2018-01-14 21:27:24.873640', '3', '新闻一', '3', '', '9', '1');
INSERT INTO `django_admin_log` VALUES ('54', '2018-01-14 21:27:24.875116', '4', '新闻附一', '3', '', '9', '1');
INSERT INTO `django_admin_log` VALUES ('55', '2018-01-14 21:27:24.875939', '8', '产品鸡鸡', '3', '', '9', '1');
INSERT INTO `django_admin_log` VALUES ('56', '2018-01-14 21:27:24.876643', '7', '产品一二', '3', '', '9', '1');
INSERT INTO `django_admin_log` VALUES ('57', '2018-01-14 21:27:24.877884', '5', '新闻附二', '3', '', '9', '1');
INSERT INTO `django_admin_log` VALUES ('58', '2018-01-14 21:27:24.879293', '6', '新闻21', '3', '', '9', '1');
INSERT INTO `django_admin_log` VALUES ('59', '2018-01-14 21:27:24.883409', '9', 'test1111', '3', '', '9', '1');
INSERT INTO `django_admin_log` VALUES ('60', '2018-01-14 21:30:14.724487', '10', '新闻12', '1', '', '9', '1');
INSERT INTO `django_admin_log` VALUES ('61', '2018-01-14 22:02:07.861367', '10', '新闻12', '2', '已修改 cover 。', '9', '1');
INSERT INTO `django_admin_log` VALUES ('62', '2018-01-14 22:08:42.438623', '11', 'news 1', '1', '', '9', '1');
INSERT INTO `django_admin_log` VALUES ('63', '2018-01-14 22:18:39.188996', '12', 'new2', '1', '', '9', '1');
INSERT INTO `django_admin_log` VALUES ('64', '2018-01-14 22:19:29.125400', '13', '23erew', '1', '', '9', '1');
INSERT INTO `django_admin_log` VALUES ('65', '2018-01-14 22:19:40.943942', '13', '23erew', '2', '已修改 status 。', '9', '1');
INSERT INTO `django_admin_log` VALUES ('66', '2018-01-14 23:47:05.528130', '11', 'news 1', '3', '', '9', '1');
INSERT INTO `django_admin_log` VALUES ('67', '2018-01-14 23:47:05.531679', '13', '23erew', '3', '', '9', '1');
INSERT INTO `django_admin_log` VALUES ('68', '2018-01-14 23:47:05.534437', '10', '新闻12', '3', '', '9', '1');
INSERT INTO `django_admin_log` VALUES ('69', '2018-01-14 23:47:05.536437', '12', 'new2', '3', '', '9', '1');
INSERT INTO `django_admin_log` VALUES ('70', '2018-01-15 00:17:12.320176', '14', '引领通信业的新浪潮', '1', '', '9', '1');
INSERT INTO `django_admin_log` VALUES ('71', '2018-01-15 00:22:53.796007', '15', '满满的“硬”实力', '1', '', '9', '1');
INSERT INTO `django_admin_log` VALUES ('72', '2018-01-15 00:31:32.385411', '16', '发改委体改司视察', '1', '', '9', '1');
INSERT INTO `django_admin_log` VALUES ('73', '2018-01-15 00:43:15.590792', '17', '六博光电融资喜报！', '1', '', '9', '1');
INSERT INTO `django_admin_log` VALUES ('74', '2018-01-15 00:48:12.790649', '18', '公司简介', '1', '', '9', '1');
INSERT INTO `django_admin_log` VALUES ('75', '2018-01-15 00:50:49.486772', '18', '公司简介', '2', '已修改 content 。', '9', '1');
INSERT INTO `django_admin_log` VALUES ('76', '2018-01-15 00:55:51.696780', '19', '公司理念', '1', '', '9', '1');
INSERT INTO `django_admin_log` VALUES ('77', '2018-01-15 01:00:20.115656', '20', '企业文化', '1', '', '9', '1');
INSERT INTO `django_admin_log` VALUES ('78', '2018-01-15 01:06:12.140884', '21', '招聘信息2018.1.15', '1', '', '9', '1');
INSERT INTO `django_admin_log` VALUES ('79', '2018-01-15 01:13:06.462163', '22', '国内首台WDM激光通信机系统', '1', '', '9', '1');
INSERT INTO `django_admin_log` VALUES ('80', '2018-01-15 01:15:11.318306', '23', 'DWDM激光通信机系统', '1', '', '9', '1');
INSERT INTO `django_admin_log` VALUES ('81', '2018-01-15 01:16:46.295919', '24', '高速机载激光通信工程机', '1', '', '9', '1');
INSERT INTO `django_admin_log` VALUES ('82', '2018-01-15 01:21:13.299590', '18', '公司简介', '2', '已修改 content 。', '9', '1');
INSERT INTO `django_admin_log` VALUES ('83', '2018-01-15 01:22:44.893950', '17', '六博光电融资喜报！', '2', '已修改 content 。', '9', '1');
INSERT INTO `django_admin_log` VALUES ('84', '2018-01-15 01:24:59.593922', '16', '领导视察', '2', '已修改 title 和 content 。', '9', '1');
INSERT INTO `django_admin_log` VALUES ('85', '2018-01-15 01:28:42.680549', '17', '六博光电融资喜报！', '3', '', '9', '1');
INSERT INTO `django_admin_log` VALUES ('86', '2018-01-15 01:30:07.549965', '23', 'DWDM激光通信机系统', '2', '已修改 cover，content 和 hits 。', '9', '1');
INSERT INTO `django_admin_log` VALUES ('87', '2018-01-15 14:29:07.457168', '14', '引领通信业的新浪潮', '2', '已修改 content 。', '9', '1');
INSERT INTO `django_admin_log` VALUES ('88', '2018-01-17 12:54:18.295140', '21', '招聘信息2018.1.15', '2', '已修改 content 。', '9', '1');
INSERT INTO `django_admin_log` VALUES ('89', '2018-01-24 15:23:14.906768', '21', '招聘公告2018年1月24日', '2', '已修改 title 和 content 。', '9', '1');
INSERT INTO `django_admin_log` VALUES ('90', '2018-01-24 18:12:18.127597', '25', '天宫二号星地激光通信实验圆满成功', '1', '', '9', '1');
INSERT INTO `django_admin_log` VALUES ('91', '2018-01-26 19:40:39.917787', '26', '轻便式激光通信机', '1', '', '9', '1');
INSERT INTO `django_admin_log` VALUES ('92', '2018-01-26 19:42:44.842117', '26', '轻便式激光通信机', '2', '已修改 content 。', '9', '1');
INSERT INTO `django_admin_log` VALUES ('93', '2018-01-26 19:55:40.373749', '27', '便携式激光通信系统', '1', '', '9', '1');
INSERT INTO `django_admin_log` VALUES ('94', '2018-01-26 19:56:43.002128', '23', 'DWDM激光通信机系统', '3', '', '9', '1');
INSERT INTO `django_admin_log` VALUES ('95', '2018-01-27 01:08:54.278212', '16', '领导视察', '3', '', '9', '1');
INSERT INTO `django_admin_log` VALUES ('96', '2018-01-27 01:27:39.427468', '15', '满满的“硬”实力', '2', '已修改 content 和 hits 。', '9', '1');
INSERT INTO `django_admin_log` VALUES ('97', '2018-01-27 01:37:34.981412', '15', '满满的“硬”实力', '2', '已修改 content 。', '9', '1');
INSERT INTO `django_admin_log` VALUES ('98', '2018-01-27 01:38:17.427383', '14', '引领通信业的新浪潮', '2', '已修改 content 。', '9', '1');
INSERT INTO `django_admin_log` VALUES ('99', '2018-01-27 01:39:04.299918', '15', '满满的“硬”实力', '2', '已修改 content 。', '9', '1');
INSERT INTO `django_admin_log` VALUES ('100', '2018-01-27 01:40:26.768427', '24', '高速机载激光通信工程机', '2', '已修改 content 。', '9', '1');
INSERT INTO `django_admin_log` VALUES ('101', '2018-01-27 01:41:07.467833', '24', '高速机载激光通信工程机', '2', '已修改 content 。', '9', '1');
INSERT INTO `django_admin_log` VALUES ('102', '2018-01-27 01:41:25.713239', '24', '高速机载激光通信工程机', '2', '已修改 content 。', '9', '1');
INSERT INTO `django_admin_log` VALUES ('103', '2018-01-27 01:50:13.115093', '28', '大口径GPS辅助跟瞄激光通信系统', '1', '', '9', '1');
INSERT INTO `django_admin_log` VALUES ('104', '2018-01-27 01:51:38.040485', '29', '激光网桥', '1', '', '9', '1');
INSERT INTO `django_admin_log` VALUES ('105', '2018-01-27 01:51:57.832375', '29', '激光网桥', '2', '已修改 category，status 和 hits 。', '9', '1');
INSERT INTO `django_admin_log` VALUES ('106', '2018-01-27 01:53:45.440132', '30', '潜望式GPS辅助跟瞄激光通信系统', '1', '', '9', '1');
INSERT INTO `django_admin_log` VALUES ('107', '2018-01-27 02:01:17.516416', '25', '天宫二号星地激光通信实验圆满成功', '2', '已修改 content 。', '9', '1');
INSERT INTO `django_admin_log` VALUES ('108', '2018-01-27 02:01:51.880472', '25', '天宫二号星地激光通信实验圆满成功', '2', '已修改 content 。', '9', '1');
INSERT INTO `django_admin_log` VALUES ('109', '2018-01-27 02:02:18.157776', '25', '天宫二号星地激光通信实验圆满成功', '2', '已修改 content 。', '9', '1');
INSERT INTO `django_admin_log` VALUES ('110', '2018-01-27 02:03:23.579158', '25', '天宫二号星地激光通信实验圆满成功', '2', '已修改 content 。', '9', '1');
INSERT INTO `django_admin_log` VALUES ('111', '2018-01-27 02:03:54.681230', '25', '天宫二号星地激光通信实验圆满成功', '2', '已修改 content 。', '9', '1');
INSERT INTO `django_admin_log` VALUES ('112', '2018-01-27 02:04:54.042416', '30', '潜望式GPS辅助跟瞄激光通信系统', '2', '已修改 content 。', '9', '1');
INSERT INTO `django_admin_log` VALUES ('113', '2018-01-27 02:05:16.395315', '29', '激光网桥', '2', '已修改 content 。', '9', '1');
INSERT INTO `django_admin_log` VALUES ('114', '2018-01-27 02:05:26.587297', '28', '大口径GPS辅助跟瞄激光通信系统', '2', '已修改 content 。', '9', '1');
INSERT INTO `django_admin_log` VALUES ('115', '2018-01-27 02:05:52.177259', '26', '轻便式激光通信机', '2', '已修改 content 。', '9', '1');
INSERT INTO `django_admin_log` VALUES ('116', '2018-01-27 02:06:36.815697', '26', '轻便式激光通信机', '2', '已修改 content 。', '9', '1');
INSERT INTO `django_admin_log` VALUES ('117', '2018-01-27 02:07:02.208619', '27', '便携式激光通信系统', '2', '已修改 content 。', '9', '1');
INSERT INTO `django_admin_log` VALUES ('118', '2018-01-27 02:07:22.294985', '27', '便携式激光通信系统', '2', '已修改 content 。', '9', '1');
INSERT INTO `django_admin_log` VALUES ('119', '2018-01-27 12:22:16.197766', '14', '引领通信业的新浪潮', '2', '已修改 content 。', '9', '1');
INSERT INTO `django_admin_log` VALUES ('120', '2018-01-27 12:24:19.113518', '14', '引领通信业的新浪潮', '2', '已修改 content 。', '9', '1');
INSERT INTO `django_admin_log` VALUES ('121', '2018-01-27 12:27:13.508301', '14', '引领通信业的新浪潮', '2', '没有字段被修改。', '9', '1');
INSERT INTO `django_admin_log` VALUES ('122', '2018-01-27 12:28:04.645434', '15', '满满的“硬”实力', '2', '已修改 content 。', '9', '1');
INSERT INTO `django_admin_log` VALUES ('123', '2018-01-27 12:35:15.700695', '19', '公司理念', '2', '已修改 content 。', '9', '1');
INSERT INTO `django_admin_log` VALUES ('124', '2018-01-27 12:35:59.379107', '19', '公司理念', '2', '已修改 content 。', '9', '1');
INSERT INTO `django_admin_log` VALUES ('125', '2018-01-27 12:36:27.991981', '19', '公司理念', '2', '已修改 content 。', '9', '1');
INSERT INTO `django_admin_log` VALUES ('126', '2018-01-27 12:36:45.969446', '19', '公司理念', '2', '已修改 content 和 hits 。', '9', '1');
INSERT INTO `django_admin_log` VALUES ('127', '2018-01-27 12:36:57.264440', '19', '公司理念', '2', '已修改 content 和 hits 。', '9', '1');
INSERT INTO `django_admin_log` VALUES ('128', '2018-01-27 12:37:11.396788', '19', '公司理念', '2', '已修改 content 。', '9', '1');
INSERT INTO `django_admin_log` VALUES ('129', '2018-01-27 12:37:21.675749', '19', '公司理念', '2', '已修改 content 和 hits 。', '9', '1');
INSERT INTO `django_admin_log` VALUES ('130', '2018-01-27 12:37:33.317313', '19', '公司理念', '2', '已修改 content 。', '9', '1');
INSERT INTO `django_admin_log` VALUES ('131', '2018-01-27 12:37:44.081924', '19', '公司理念', '2', '已修改 content 和 hits 。', '9', '1');
INSERT INTO `django_admin_log` VALUES ('132', '2018-01-27 12:37:54.766124', '19', '公司理念', '2', '已修改 content 和 hits 。', '9', '1');
INSERT INTO `django_admin_log` VALUES ('133', '2018-01-27 12:38:12.805015', '19', '公司理念', '2', '已修改 content 和 hits 。', '9', '1');
INSERT INTO `django_admin_log` VALUES ('134', '2018-01-27 12:38:22.078766', '19', '公司理念', '2', '已修改 content 。', '9', '1');
INSERT INTO `django_admin_log` VALUES ('135', '2018-01-27 12:38:51.791299', '19', '公司理念', '2', '已修改 content 。', '9', '1');
INSERT INTO `django_admin_log` VALUES ('136', '2018-01-27 13:04:00.183018', '31', '企业合作伙伴', '1', '', '9', '1');
INSERT INTO `django_admin_log` VALUES ('137', '2018-01-27 13:13:49.983364', '31', '合作伙伴', '2', '已修改 title 。', '9', '1');
INSERT INTO `django_admin_log` VALUES ('138', '2018-02-02 10:53:22.683713', '18', '公司简介', '2', '已修改 content 。', '9', '1');
INSERT INTO `django_admin_log` VALUES ('139', '2018-03-16 18:21:12.883000', '22', '企业荣誉--新闻中心', '1', '', '8', '1');
INSERT INTO `django_admin_log` VALUES ('140', '2018-03-16 20:10:52.700000', '32', '国家发改委体改司视察六博光电', '1', '', '9', '1');
INSERT INTO `django_admin_log` VALUES ('141', '2018-03-16 20:18:56.319000', '32', '国家发改委体改司视察六博光电', '2', '已修改 cover 。', '9', '1');
INSERT INTO `django_admin_log` VALUES ('142', '2018-03-16 20:21:42.079000', '33', '哈哈哈哈', '1', '', '9', '1');
INSERT INTO `django_admin_log` VALUES ('143', '2018-03-17 01:09:22.780000', '34', '测试测试', '1', '', '9', '1');
INSERT INTO `django_admin_log` VALUES ('144', '2018-03-17 01:25:40.921000', '34', '测试测试', '3', '', '9', '1');
INSERT INTO `django_admin_log` VALUES ('145', '2018-03-17 01:25:40.924000', '33', '哈哈哈哈', '3', '', '9', '1');
INSERT INTO `django_admin_log` VALUES ('146', '2018-03-17 11:55:32.964000', '32', '国家发改委体改司视察六博光电', '2', '已修改 content 。', '9', '1');
INSERT INTO `django_admin_log` VALUES ('147', '2018-03-17 12:01:15.166000', '35', '湖北省知识产权管理局参观', '1', '', '9', '1');
INSERT INTO `django_admin_log` VALUES ('148', '2018-03-17 12:19:04.563000', '36', '统战部参观', '1', '', '9', '1');
INSERT INTO `django_admin_log` VALUES ('149', '2018-03-17 12:24:47.089000', '37', '武汉区人大视察六博光电', '1', '', '9', '1');
INSERT INTO `django_admin_log` VALUES ('150', '2018-03-17 12:27:29.412000', '37', '武汉区人大视察六博光电', '2', '已修改 content 。', '9', '1');
INSERT INTO `django_admin_log` VALUES ('151', '2018-03-17 12:27:57.922000', '37', '武汉区人大视察六博光电', '2', '已修改 content 。', '9', '1');
INSERT INTO `django_admin_log` VALUES ('152', '2018-03-17 12:28:33.740000', '37', '武汉区人大视察六博光电', '2', '已修改 content 。', '9', '1');
INSERT INTO `django_admin_log` VALUES ('153', '2018-03-17 13:59:16.342000', '36', '统战部参观', '2', '已修改 content 。', '9', '1');
INSERT INTO `django_admin_log` VALUES ('154', '2018-03-17 13:59:47.812000', '37', '武汉区人大视察六博光电', '2', '已修改 content 。', '9', '1');
INSERT INTO `django_admin_log` VALUES ('155', '2018-03-17 13:59:59.763000', '32', '国家发改委体改司视察六博光电', '2', '已修改 content 。', '9', '1');
INSERT INTO `django_admin_log` VALUES ('156', '2018-03-17 14:00:26.256000', '35', '湖北省知识产权管理局参观', '2', '已修改 content 。', '9', '1');
INSERT INTO `django_admin_log` VALUES ('157', '2018-03-17 14:01:45.479000', '37', '武汉区人大视察六博光电', '2', '已修改 content 。', '9', '1');
INSERT INTO `django_admin_log` VALUES ('158', '2018-03-17 14:02:09.915000', '35', '湖北省知识产权管理局参观', '2', '已修改 content 。', '9', '1');
INSERT INTO `django_admin_log` VALUES ('159', '2018-03-17 14:02:25.327000', '32', '国家发改委体改司视察六博光电', '2', '已修改 content 。', '9', '1');
INSERT INTO `django_admin_log` VALUES ('160', '2018-03-17 14:02:38.038000', '36', '统战部参观', '2', '已修改 content 。', '9', '1');
INSERT INTO `django_admin_log` VALUES ('161', '2018-03-17 15:03:10.191105', '37', '武汉区人大视察六博光电', '2', '已修改 cover 和 content 。', '9', '1');
INSERT INTO `django_admin_log` VALUES ('162', '2018-03-17 15:04:40.896067', '35', '湖北省知识产权管理局参观', '2', '已修改 cover 和 content 。', '9', '1');
INSERT INTO `django_admin_log` VALUES ('163', '2018-03-17 15:04:58.587369', '37', '武昌区人大视察六博光电', '2', '已修改 title 。', '9', '1');
INSERT INTO `django_admin_log` VALUES ('164', '2018-03-17 15:07:01.071832', '32', '国家发改委体改司视察六博光电', '2', '已修改 cover 和 content 。', '9', '1');
INSERT INTO `django_admin_log` VALUES ('165', '2018-03-17 15:08:18.077248', '36', '统战部参观', '2', '已修改 cover 和 content 。', '9', '1');
INSERT INTO `django_admin_log` VALUES ('166', '2018-03-17 15:09:04.370856', '32', '国家发改委体改司视察六博光电', '2', '已修改 content 。', '9', '1');

-- ----------------------------
-- Table structure for `django_content_type`
-- ----------------------------
DROP TABLE IF EXISTS `django_content_type`;
CREATE TABLE `django_content_type` (
  `id` int(11) NOT NULL AUTO_INCREMENT,
  `app_label` varchar(100) NOT NULL,
  `model` varchar(100) NOT NULL,
  PRIMARY KEY (`id`),
  UNIQUE KEY `django_content_type_app_label_3ec8c61c_uniq` (`app_label`,`model`)
) ENGINE=InnoDB AUTO_INCREMENT=10 DEFAULT CHARSET=utf8;

-- ----------------------------
-- Records of django_content_type
-- ----------------------------
INSERT INTO `django_content_type` VALUES ('1', 'admin', 'logentry');
INSERT INTO `django_content_type` VALUES ('3', 'auth', 'group');
INSERT INTO `django_content_type` VALUES ('2', 'auth', 'permission');
INSERT INTO `django_content_type` VALUES ('4', 'auth', 'user');
INSERT INTO `django_content_type` VALUES ('7', 'banner', 'banner');
INSERT INTO `django_content_type` VALUES ('8', 'cms', 'category');
INSERT INTO `django_content_type` VALUES ('9', 'cms', 'story');
INSERT INTO `django_content_type` VALUES ('5', 'contenttypes', 'contenttype');
INSERT INTO `django_content_type` VALUES ('6', 'sessions', 'session');

-- ----------------------------
-- Table structure for `django_migrations`
-- ----------------------------
DROP TABLE IF EXISTS `django_migrations`;
CREATE TABLE `django_migrations` (
  `id` int(11) NOT NULL AUTO_INCREMENT,
  `app` varchar(255) NOT NULL,
  `name` varchar(255) NOT NULL,
  `applied` datetime(6) NOT NULL,
  PRIMARY KEY (`id`)
) ENGINE=InnoDB AUTO_INCREMENT=16 DEFAULT CHARSET=utf8;

-- ----------------------------
-- Records of django_migrations
-- ----------------------------
INSERT INTO `django_migrations` VALUES ('1', 'contenttypes', '0001_initial', '2018-01-10 11:54:03.232000');
INSERT INTO `django_migrations` VALUES ('2', 'auth', '0001_initial', '2018-01-10 11:54:14.981000');
INSERT INTO `django_migrations` VALUES ('3', 'admin', '0001_initial', '2018-01-10 11:54:16.998000');
INSERT INTO `django_migrations` VALUES ('4', 'contenttypes', '0002_remove_content_type_name', '2018-01-10 11:54:18.111000');
INSERT INTO `django_migrations` VALUES ('5', 'auth', '0002_alter_permission_name_max_length', '2018-01-10 11:54:19.100000');
INSERT INTO `django_migrations` VALUES ('6', 'auth', '0003_alter_user_email_max_length', '2018-01-10 11:54:19.654000');
INSERT INTO `django_migrations` VALUES ('7', 'auth', '0004_alter_user_username_opts', '2018-01-10 11:54:19.685000');
INSERT INTO `django_migrations` VALUES ('8', 'auth', '0005_alter_user_last_login_null', '2018-01-10 11:54:20.509000');
INSERT INTO `django_migrations` VALUES ('9', 'auth', '0006_require_contenttypes_0002', '2018-01-10 11:54:20.550000');
INSERT INTO `django_migrations` VALUES ('10', 'banner', '0001_initial', '2018-01-10 11:54:20.866000');
INSERT INTO `django_migrations` VALUES ('11', 'cms', '0001_initial', '2018-01-10 11:54:24.187000');
INSERT INTO `django_migrations` VALUES ('12', 'sessions', '0001_initial', '2018-01-10 11:54:25.374000');
INSERT INTO `django_migrations` VALUES ('13', 'cms', '0002_auto_20180111_2001', '2018-01-11 20:01:39.215000');
INSERT INTO `django_migrations` VALUES ('14', 'cms', '0002_auto_20180114_2048', '2018-01-14 20:48:45.876776');
INSERT INTO `django_migrations` VALUES ('15', 'cms', '0003_story_cover', '2018-01-14 21:28:46.035333');

-- ----------------------------
-- Table structure for `django_session`
-- ----------------------------
DROP TABLE IF EXISTS `django_session`;
CREATE TABLE `django_session` (
  `session_key` varchar(40) NOT NULL,
  `session_data` longtext NOT NULL,
  `expire_date` datetime(6) NOT NULL,
  PRIMARY KEY (`session_key`),
  KEY `django_session_de54fa62` (`expire_date`)
) ENGINE=InnoDB DEFAULT CHARSET=utf8;

-- ----------------------------
-- Records of django_session
-- ----------------------------
INSERT INTO `django_session` VALUES ('1jys1o7waqjrw47v7rovwixtfpnjfqs0', 'NGY5YjQ2NTcyNTA0YzIxODNiZWQyM2VjMDRiZWUxNzg4MDIwYTRiNDp7Il9hdXRoX3VzZXJfaGFzaCI6IjI0NTQxYWI1ZjUxY2ViYzA4OTAwYWJhNjE0MDI5MDE3NDA2ZGI5NDgiLCJfYXV0aF91c2VyX2JhY2tlbmQiOiJkamFuZ28uY29udHJpYi5hdXRoLmJhY2tlbmRzLk1vZGVsQmFja2VuZCIsIl9hdXRoX3VzZXJfaWQiOiIxIn0=', '2018-01-28 21:28:53.466715');
INSERT INTO `django_session` VALUES ('5owzlt5pdxo4vdh449m5tsvl7vjps8jy', 'NGY5YjQ2NTcyNTA0YzIxODNiZWQyM2VjMDRiZWUxNzg4MDIwYTRiNDp7Il9hdXRoX3VzZXJfaGFzaCI6IjI0NTQxYWI1ZjUxY2ViYzA4OTAwYWJhNjE0MDI5MDE3NDA2ZGI5NDgiLCJfYXV0aF91c2VyX2JhY2tlbmQiOiJkamFuZ28uY29udHJpYi5hdXRoLmJhY2tlbmRzLk1vZGVsQmFja2VuZCIsIl9hdXRoX3VzZXJfaWQiOiIxIn0=', '2018-02-16 10:52:47.926549');
INSERT INTO `django_session` VALUES ('6a4i4bofjdhrmzr4itnbkw5eyyoke77n', 'NGY5YjQ2NTcyNTA0YzIxODNiZWQyM2VjMDRiZWUxNzg4MDIwYTRiNDp7Il9hdXRoX3VzZXJfaGFzaCI6IjI0NTQxYWI1ZjUxY2ViYzA4OTAwYWJhNjE0MDI5MDE3NDA2ZGI5NDgiLCJfYXV0aF91c2VyX2JhY2tlbmQiOiJkamFuZ28uY29udHJpYi5hdXRoLmJhY2tlbmRzLk1vZGVsQmFja2VuZCIsIl9hdXRoX3VzZXJfaWQiOiIxIn0=', '2018-01-29 14:28:26.492427');
INSERT INTO `django_session` VALUES ('75b1qxtp79ppotd92qkjtht6v23w7e7z', 'NGY5YjQ2NTcyNTA0YzIxODNiZWQyM2VjMDRiZWUxNzg4MDIwYTRiNDp7Il9hdXRoX3VzZXJfaGFzaCI6IjI0NTQxYWI1ZjUxY2ViYzA4OTAwYWJhNjE0MDI5MDE3NDA2ZGI5NDgiLCJfYXV0aF91c2VyX2JhY2tlbmQiOiJkamFuZ28uY29udHJpYi5hdXRoLmJhY2tlbmRzLk1vZGVsQmFja2VuZCIsIl9hdXRoX3VzZXJfaWQiOiIxIn0=', '2018-01-31 12:53:54.220822');
INSERT INTO `django_session` VALUES ('7d3rekz4uq8s7jzmjk5uo45ggp1x7erx', 'NGY5YjQ2NTcyNTA0YzIxODNiZWQyM2VjMDRiZWUxNzg4MDIwYTRiNDp7Il9hdXRoX3VzZXJfaGFzaCI6IjI0NTQxYWI1ZjUxY2ViYzA4OTAwYWJhNjE0MDI5MDE3NDA2ZGI5NDgiLCJfYXV0aF91c2VyX2JhY2tlbmQiOiJkamFuZ28uY29udHJpYi5hdXRoLmJhY2tlbmRzLk1vZGVsQmFja2VuZCIsIl9hdXRoX3VzZXJfaWQiOiIxIn0=', '2018-01-24 12:06:15.441000');
INSERT INTO `django_session` VALUES ('831joy0giv51hcevgo48n71wwyq26uuq', 'NGY5YjQ2NTcyNTA0YzIxODNiZWQyM2VjMDRiZWUxNzg4MDIwYTRiNDp7Il9hdXRoX3VzZXJfaGFzaCI6IjI0NTQxYWI1ZjUxY2ViYzA4OTAwYWJhNjE0MDI5MDE3NDA2ZGI5NDgiLCJfYXV0aF91c2VyX2JhY2tlbmQiOiJkamFuZ28uY29udHJpYi5hdXRoLmJhY2tlbmRzLk1vZGVsQmFja2VuZCIsIl9hdXRoX3VzZXJfaWQiOiIxIn0=', '2018-05-30 16:06:24.806000');
INSERT INTO `django_session` VALUES ('c3a13adcjqfhnzl5ayxzis6ha0htifap', 'NGY5YjQ2NTcyNTA0YzIxODNiZWQyM2VjMDRiZWUxNzg4MDIwYTRiNDp7Il9hdXRoX3VzZXJfaGFzaCI6IjI0NTQxYWI1ZjUxY2ViYzA4OTAwYWJhNjE0MDI5MDE3NDA2ZGI5NDgiLCJfYXV0aF91c2VyX2JhY2tlbmQiOiJkamFuZ28uY29udHJpYi5hdXRoLmJhY2tlbmRzLk1vZGVsQmFja2VuZCIsIl9hdXRoX3VzZXJfaWQiOiIxIn0=', '2018-02-10 01:15:29.004597');
INSERT INTO `django_session` VALUES ('ckna5jkyebxczuc75wur8ty1y9fo0uzs', 'NGY5YjQ2NTcyNTA0YzIxODNiZWQyM2VjMDRiZWUxNzg4MDIwYTRiNDp7Il9hdXRoX3VzZXJfaGFzaCI6IjI0NTQxYWI1ZjUxY2ViYzA4OTAwYWJhNjE0MDI5MDE3NDA2ZGI5NDgiLCJfYXV0aF91c2VyX2JhY2tlbmQiOiJkamFuZ28uY29udHJpYi5hdXRoLmJhY2tlbmRzLk1vZGVsQmFja2VuZCIsIl9hdXRoX3VzZXJfaWQiOiIxIn0=', '2018-01-25 20:31:32.587000');
INSERT INTO `django_session` VALUES ('dh4utlu1ft3qbiqq0k3v5eis0qp3ksup', 'NGY5YjQ2NTcyNTA0YzIxODNiZWQyM2VjMDRiZWUxNzg4MDIwYTRiNDp7Il9hdXRoX3VzZXJfaGFzaCI6IjI0NTQxYWI1ZjUxY2ViYzA4OTAwYWJhNjE0MDI5MDE3NDA2ZGI5NDgiLCJfYXV0aF91c2VyX2JhY2tlbmQiOiJkamFuZ28uY29udHJpYi5hdXRoLmJhY2tlbmRzLk1vZGVsQmFja2VuZCIsIl9hdXRoX3VzZXJfaWQiOiIxIn0=', '2018-01-28 23:46:37.287448');
INSERT INTO `django_session` VALUES ('fnblgewf7dpjdqk72uuvo1ftf960p5va', 'NGY5YjQ2NTcyNTA0YzIxODNiZWQyM2VjMDRiZWUxNzg4MDIwYTRiNDp7Il9hdXRoX3VzZXJfaGFzaCI6IjI0NTQxYWI1ZjUxY2ViYzA4OTAwYWJhNjE0MDI5MDE3NDA2ZGI5NDgiLCJfYXV0aF91c2VyX2JhY2tlbmQiOiJkamFuZ28uY29udHJpYi5hdXRoLmJhY2tlbmRzLk1vZGVsQmFja2VuZCIsIl9hdXRoX3VzZXJfaWQiOiIxIn0=', '2018-01-28 23:54:07.225017');
INSERT INTO `django_session` VALUES ('ivki30xi49ct2pqtsrq2st2921ek1n49', 'NGY5YjQ2NTcyNTA0YzIxODNiZWQyM2VjMDRiZWUxNzg4MDIwYTRiNDp7Il9hdXRoX3VzZXJfaGFzaCI6IjI0NTQxYWI1ZjUxY2ViYzA4OTAwYWJhNjE0MDI5MDE3NDA2ZGI5NDgiLCJfYXV0aF91c2VyX2JhY2tlbmQiOiJkamFuZ28uY29udHJpYi5hdXRoLmJhY2tlbmRzLk1vZGVsQmFja2VuZCIsIl9hdXRoX3VzZXJfaWQiOiIxIn0=', '2018-03-30 18:19:28.026000');
INSERT INTO `django_session` VALUES ('jwaex0yzamseqaztuhftvmg0rzprggxe', 'NGY5YjQ2NTcyNTA0YzIxODNiZWQyM2VjMDRiZWUxNzg4MDIwYTRiNDp7Il9hdXRoX3VzZXJfaGFzaCI6IjI0NTQxYWI1ZjUxY2ViYzA4OTAwYWJhNjE0MDI5MDE3NDA2ZGI5NDgiLCJfYXV0aF91c2VyX2JhY2tlbmQiOiJkamFuZ28uY29udHJpYi5hdXRoLmJhY2tlbmRzLk1vZGVsQmFja2VuZCIsIl9hdXRoX3VzZXJfaWQiOiIxIn0=', '2018-02-10 15:24:24.393598');
INSERT INTO `django_session` VALUES ('kmoum9514o37rf11yeir2jmjloyen448', 'NGY5YjQ2NTcyNTA0YzIxODNiZWQyM2VjMDRiZWUxNzg4MDIwYTRiNDp7Il9hdXRoX3VzZXJfaGFzaCI6IjI0NTQxYWI1ZjUxY2ViYzA4OTAwYWJhNjE0MDI5MDE3NDA2ZGI5NDgiLCJfYXV0aF91c2VyX2JhY2tlbmQiOiJkamFuZ28uY29udHJpYi5hdXRoLmJhY2tlbmRzLk1vZGVsQmFja2VuZCIsIl9hdXRoX3VzZXJfaWQiOiIxIn0=', '2018-03-31 14:54:13.869347');
INSERT INTO `django_session` VALUES ('lsftxzpi74ko9pu6dcekdu0b18ztz29b', 'NGY5YjQ2NTcyNTA0YzIxODNiZWQyM2VjMDRiZWUxNzg4MDIwYTRiNDp7Il9hdXRoX3VzZXJfaGFzaCI6IjI0NTQxYWI1ZjUxY2ViYzA4OTAwYWJhNjE0MDI5MDE3NDA2ZGI5NDgiLCJfYXV0aF91c2VyX2JhY2tlbmQiOiJkamFuZ28uY29udHJpYi5hdXRoLmJhY2tlbmRzLk1vZGVsQmFja2VuZCIsIl9hdXRoX3VzZXJfaWQiOiIxIn0=', '2018-01-29 15:25:04.323553');
INSERT INTO `django_session` VALUES ('mwas4lxdbo3uawjb8w523gbyy1uttigj', 'NGY5YjQ2NTcyNTA0YzIxODNiZWQyM2VjMDRiZWUxNzg4MDIwYTRiNDp7Il9hdXRoX3VzZXJfaGFzaCI6IjI0NTQxYWI1ZjUxY2ViYzA4OTAwYWJhNjE0MDI5MDE3NDA2ZGI5NDgiLCJfYXV0aF91c2VyX2JhY2tlbmQiOiJkamFuZ28uY29udHJpYi5hdXRoLmJhY2tlbmRzLk1vZGVsQmFja2VuZCIsIl9hdXRoX3VzZXJfaWQiOiIxIn0=', '2018-01-26 20:54:14.034112');
INSERT INTO `django_session` VALUES ('whz21lrgwz9whzzlp70ksqjmpvj4ow8g', 'NGY5YjQ2NTcyNTA0YzIxODNiZWQyM2VjMDRiZWUxNzg4MDIwYTRiNDp7Il9hdXRoX3VzZXJfaGFzaCI6IjI0NTQxYWI1ZjUxY2ViYzA4OTAwYWJhNjE0MDI5MDE3NDA2ZGI5NDgiLCJfYXV0aF91c2VyX2JhY2tlbmQiOiJkamFuZ28uY29udHJpYi5hdXRoLmJhY2tlbmRzLk1vZGVsQmFja2VuZCIsIl9hdXRoX3VzZXJfaWQiOiIxIn0=', '2018-02-07 17:33:08.643282');
INSERT INTO `django_session` VALUES ('x9de0j1celm5dmi3r415eesfokz2ebpi', 'NGY5YjQ2NTcyNTA0YzIxODNiZWQyM2VjMDRiZWUxNzg4MDIwYTRiNDp7Il9hdXRoX3VzZXJfaGFzaCI6IjI0NTQxYWI1ZjUxY2ViYzA4OTAwYWJhNjE0MDI5MDE3NDA2ZGI5NDgiLCJfYXV0aF91c2VyX2JhY2tlbmQiOiJkamFuZ28uY29udHJpYi5hdXRoLmJhY2tlbmRzLk1vZGVsQmFja2VuZCIsIl9hdXRoX3VzZXJfaWQiOiIxIn0=', '2018-01-29 00:39:56.772972');
INSERT INTO `django_session` VALUES ('zjqunb4x7y3ugd1vqn9nexcw7ujmazxq', 'NGY5YjQ2NTcyNTA0YzIxODNiZWQyM2VjMDRiZWUxNzg4MDIwYTRiNDp7Il9hdXRoX3VzZXJfaGFzaCI6IjI0NTQxYWI1ZjUxY2ViYzA4OTAwYWJhNjE0MDI5MDE3NDA2ZGI5NDgiLCJfYXV0aF91c2VyX2JhY2tlbmQiOiJkamFuZ28uY29udHJpYi5hdXRoLmJhY2tlbmRzLk1vZGVsQmFja2VuZCIsIl9hdXRoX3VzZXJfaWQiOiIxIn0=', '2018-02-10 12:20:47.290900');

-- ----------------------------
-- Table structure for `oce_banner`
-- ----------------------------
DROP TABLE IF EXISTS `oce_banner`;
CREATE TABLE `oce_banner` (
  `id` int(11) NOT NULL AUTO_INCREMENT,
  `title` varchar(255) NOT NULL,
  `detail` longtext,
  `image` varchar(100) NOT NULL,
  `link` varchar(200) DEFAULT NULL,
  `order_number` int(10) unsigned NOT NULL,
  `created` datetime(6) NOT NULL,
  `updated` datetime(6) NOT NULL,
  `is_show` tinyint(1) NOT NULL,
  PRIMARY KEY (`id`)
) ENGINE=InnoDB DEFAULT CHARSET=utf8;

-- ----------------------------
-- Records of oce_banner
-- ----------------------------

-- ----------------------------
-- Table structure for `oce_category`
-- ----------------------------
DROP TABLE IF EXISTS `oce_category`;
CREATE TABLE `oce_category` (
  `id` int(11) NOT NULL AUTO_INCREMENT,
  `name` varchar(255) NOT NULL,
  `slug` varchar(255) NOT NULL,
  `level` int(11) NOT NULL,
  `sort` int(11) NOT NULL,
  `is_root` tinyint(1) NOT NULL,
  `is_abort` tinyint(1) NOT NULL,
  `parent_id` int(11) DEFAULT NULL,
  PRIMARY KEY (`id`),
  KEY `oce_category_parent_id_39dc6136_fk_oce_category_id` (`parent_id`),
  KEY `oce_category_2dbcba41` (`slug`),
  CONSTRAINT `oce_category_parent_id_39dc6136_fk_oce_category_id` FOREIGN KEY (`parent_id`) REFERENCES `oce_category` (`id`)
) ENGINE=InnoDB AUTO_INCREMENT=23 DEFAULT CHARSET=utf8;

-- ----------------------------
-- Records of oce_category
-- ----------------------------
INSERT INTO `oce_category` VALUES ('1', '新闻中心', 'xin-wen-zhong-xin', '1', '3', '1', '0', null);
INSERT INTO `oce_category` VALUES ('2', '产品中心', 'chan-pin-zhong-xin', '1', '2', '1', '0', null);
INSERT INTO `oce_category` VALUES ('3', '关于我们', 'guan-yu-wo-men', '1', '1', '1', '0', null);
INSERT INTO `oce_category` VALUES ('4', '客户服务', 'ke-hu-fu-wu', '1', '4', '1', '0', null);
INSERT INTO `oce_category` VALUES ('5', '人才招聘', 'ren-cai-zhao-pin', '1', '5', '1', '0', null);
INSERT INTO `oce_category` VALUES ('6', '联系我们', 'lian-xi-wo-men', '1', '6', '1', '0', null);
INSERT INTO `oce_category` VALUES ('7', '公司简介', 'gong-si-jian-jie', '2', '1', '0', '0', '3');
INSERT INTO `oce_category` VALUES ('8', '企业文化', 'qi-ye-wen-hua', '2', '2', '0', '0', '3');
INSERT INTO `oce_category` VALUES ('9', '公司理念', 'gong-si-li-nian', '2', '3', '0', '0', '3');
INSERT INTO `oce_category` VALUES ('10', '合作伙伴', 'he-zuo-huo-ban', '2', '4', '0', '0', '3');
INSERT INTO `oce_category` VALUES ('11', '主营推荐产品', 'zhu-ying-tui-jian-chan-pin', '2', '1', '0', '0', '2');
INSERT INTO `oce_category` VALUES ('12', '标准化产品', 'biao-zhun-hua-chan-pin', '2', '2', '0', '0', '2');
INSERT INTO `oce_category` VALUES ('13', '定制化产品', 'ding-zhi-hua-chan-pin', '2', '3', '0', '0', '2');
INSERT INTO `oce_category` VALUES ('14', '企业新闻', 'qi-ye-xin-wen', '2', '2', '0', '0', '1');
INSERT INTO `oce_category` VALUES ('15', '行业动态', 'xing-ye-dong-tai', '2', '2', '0', '0', '1');
INSERT INTO `oce_category` VALUES ('16', '客户案例', 'ke-hu-an-li', '2', '1', '0', '0', '4');
INSERT INTO `oce_category` VALUES ('17', '市场部', 'shi-chang-bu', '2', '1', '0', '0', '5');
INSERT INTO `oce_category` VALUES ('18', '研发部', 'yan-fa-bu', '2', '2', '0', '0', '5');
INSERT INTO `oce_category` VALUES ('19', '经营部', 'jing-ying-bu', '2', '3', '0', '0', '5');
INSERT INTO `oce_category` VALUES ('20', '联系我们', 'lian-xi-wo-men', '2', '1', '0', '0', '6');
INSERT INTO `oce_category` VALUES ('21', '客户留言', 'ke-hu-liu-yan', '2', '2', '0', '0', '6');
INSERT INTO `oce_category` VALUES ('22', '企业荣誉', 'qi-ye-rong-yu', '2', '0', '0', '0', '1');

-- ----------------------------
-- Table structure for `oce_story`
-- ----------------------------
DROP TABLE IF EXISTS `oce_story`;
CREATE TABLE `oce_story` (
  `id` int(11) NOT NULL AUTO_INCREMENT,
  `title` varchar(255) NOT NULL,
  `slug` varchar(255) NOT NULL,
  `content` longtext NOT NULL,
  `status` int(11) NOT NULL,
  `created` datetime(6) NOT NULL,
  `modified` datetime(6) NOT NULL,
  `hits` int(11) NOT NULL,
  `is_show` tinyint(1) NOT NULL,
  `category_id` int(11) DEFAULT NULL,
  `cover` varchar(100) DEFAULT NULL,
  PRIMARY KEY (`id`),
  UNIQUE KEY `oce_story_title_622369bd1e98fe36_uniq` (`title`),
  KEY `oce_story_category_id_68b8629a_fk_oce_category_id` (`category_id`),
  KEY `oce_story_2dbcba41` (`slug`),
  CONSTRAINT `oce_story_category_id_68b8629a_fk_oce_category_id` FOREIGN KEY (`category_id`) REFERENCES `oce_category` (`id`)
) ENGINE=InnoDB AUTO_INCREMENT=38 DEFAULT CHARSET=utf8;

-- ----------------------------
-- Records of oce_story
-- ----------------------------
INSERT INTO `oce_story` VALUES ('14', '引领通信业的新浪潮', 'yin-ling-tong-xin-ye-de-xin-lang-chao', '<section powered-by=\"xiumi.us\"><section><section><section><p style=\"text-align: left;\">&nbsp; &nbsp;武汉六博光电技术有限责任公司由毕业于武汉大学的六位博士创建，公司主要技术和研发人员来源于武汉大学激光通信实验室该实验室研制的天宫二号激光通信载荷在2016年12月成功地与新疆南山光学地面站进行了1.6Gbps速率的高速激光通信试验，创我国最高卫星通信速率纪录，目前仍在轨运行。在移动激光通信技术方面位居国内前茅。公司执行董事艾勇教授长期从事空间激光通信技术研究，带领的研究团队在空间激光通信方面取得多项国内领先水平的科研成果。<br style=\"text-align: left;\"/></p></section></section></section></section><section style=\"margin: 0px; padding: 0px; color: rgb(62, 62, 62); font-family: &quot;Helvetica Neue&quot;, Helvetica, &quot;Hiragino Sans GB&quot;, &quot;Microsoft YaHei&quot;, Arial, sans-serif; white-space: normal; -ms-word-wrap: break-word !important; max-width: 100%; box-sizing: border-box;\" powered-by=\"xiumi.us\"><section style=\"margin: 0px; padding: 0px; -ms-word-wrap: break-word !important; max-width: 100%; box-sizing: border-box;\"><section style=\"margin: 0px; padding: 0px; text-align: justify; color: rgb(95, 156, 239); -ms-word-wrap: break-word !important; max-width: 100%; box-sizing: border-box;\"><p style=\"padding: 0px; clear: both; margin-top: 0px; margin-bottom: 0px; -ms-word-wrap: break-word !important; min-height: 1em; max-width: 100%; box-sizing: border-box;\"><br style=\"text-align: left;\"/></p></section></section></section><section style=\"margin: 0px; padding: 0px; color: rgb(62, 62, 62); font-family: &quot;Helvetica Neue&quot;, Helvetica, &quot;Hiragino Sans GB&quot;, &quot;Microsoft YaHei&quot;, Arial, sans-serif; white-space: normal; -ms-word-wrap: break-word !important; max-width: 100%; box-sizing: border-box;\" powered-by=\"xiumi.us\"><section style=\"margin: 10px 0px; padding: 0px 6px 6px 0px; text-align: center; -ms-word-wrap: break-word !important; max-width: 100%; box-sizing: border-box;\"><section style=\"margin: 0px; padding: 6px 0px 0px; display: inline-block; -ms-word-wrap: break-word !important; max-width: 100%; box-sizing: border-box; background-color: rgb(250, 208, 21);\"><section style=\"margin: 0px -6px -6px 6px; padding: 0px 6px; color: rgb(255, 255, 255); font-size: 21px; -ms-word-wrap: break-word !important; max-width: 100%; box-sizing: border-box; background-color: rgb(24, 20, 101);\"><p style=\"padding: 0px; clear: both; margin-top: 0px; margin-bottom: 0px; min-height: 1em; max-width: 100%; box-sizing: border-box; text-align: left;\"><strong style=\"margin: 0px; padding: 0px; -ms-word-wrap: break-word !important; max-width: 100%; box-sizing: border-box;\">我们在做的事</strong></p></section></section></section></section><section style=\"margin: 0px; padding: 0px; color: rgb(62, 62, 62); font-family: &quot;Helvetica Neue&quot;, Helvetica, &quot;Hiragino Sans GB&quot;, &quot;Microsoft YaHei&quot;, Arial, sans-serif; white-space: normal; -ms-word-wrap: break-word !important; max-width: 100%; box-sizing: border-box;\" powered-by=\"xiumi.us\"><section style=\"margin: 0px; padding: 0px; -ms-word-wrap: break-word !important; max-width: 100%; box-sizing: border-box;\"><section style=\"margin: 0px; padding: 0px; -ms-word-wrap: break-word !important; max-width: 100%; box-sizing: border-box;\"><p style=\"padding: 0px; clear: both; margin-top: 0px; margin-bottom: 0px; -ms-word-wrap: break-word !important; min-height: 1em; max-width: 100%; box-sizing: border-box;\"><br style=\"margin: 0px; padding: 0px; max-width: 100%; box-sizing: border-box; text-align: left;\"/></p></section></section></section><section style=\"margin: 0px; padding: 0px; color: rgb(62, 62, 62); font-family: &quot;Helvetica Neue&quot;, Helvetica, &quot;Hiragino Sans GB&quot;, &quot;Microsoft YaHei&quot;, Arial, sans-serif; white-space: normal; -ms-word-wrap: break-word !important; max-width: 100%; box-sizing: border-box;\" powered-by=\"xiumi.us\"><section style=\"margin: 10px 0px; padding: 0px; overflow: hidden; -ms-word-wrap: break-word !important; max-width: 100%; box-sizing: border-box; transform: translate3d(0px, 0px, 0px);\"><section style=\"margin: 0px; padding: 0px; width: 0px; vertical-align: top; border-top-color: transparent !important; border-right-color: rgb(250, 208, 21); border-bottom-color: transparent !important; border-top-width: 1em !important; border-right-width: 0.5em; border-bottom-width: 1em !important; border-top-style: solid !important; border-right-style: solid; border-bottom-style: solid !important; display: inline-block; -ms-word-wrap: break-word !important; max-width: 100%; box-sizing: border-box;\"></section><span style=\"margin: 0px; padding: 0px 5px; height: 2em; color: rgb(7, 7, 7); line-height: 2em; vertical-align: top; display: inline-block; -ms-word-wrap: break-word !important; max-width: 100%; box-sizing: border-box; background-color: rgba(211, 207, 206, 0.117647);\"><p style=\"padding: 0px; clear: both; margin-top: 0px; margin-bottom: 0px; min-height: 1em; max-width: 100%; box-sizing: border-box; text-align: left;\"><strong style=\"margin: 0px; padding: 0px; -ms-word-wrap: break-word !important; max-width: 100%; box-sizing: border-box;\">移动光通信设备</strong></p></span><section style=\"margin: 0px; padding: 0px; width: 0px; vertical-align: top; border-top-color: transparent !important; border-bottom-color: transparent !important; border-left-color: rgb(250, 208, 21); border-top-width: 1em !important; border-bottom-width: 1em !important; border-left-width: 0.5em; border-top-style: solid !important; border-bottom-style: solid !important; border-left-style: solid; display: inline-block; -ms-word-wrap: break-word !important; max-width: 100%; box-sizing: border-box;\"></section></section></section><section style=\"margin: 0px; padding: 0px; color: rgb(62, 62, 62); font-family: &quot;Helvetica Neue&quot;, Helvetica, &quot;Hiragino Sans GB&quot;, &quot;Microsoft YaHei&quot;, Arial, sans-serif; white-space: normal; -ms-word-wrap: break-word !important; max-width: 100%; box-sizing: border-box;\" powered-by=\"xiumi.us\"><section style=\"margin: 0px; padding: 0px; -ms-word-wrap: break-word !important; max-width: 100%; box-sizing: border-box;\"><section style=\"margin: 0px; padding: 0px; text-align: justify; color: rgb(103, 103, 103); -ms-word-wrap: break-word !important; max-width: 100%; box-sizing: border-box;\"><p style=\"padding: 0px; clear: both; margin-top: 0px; margin-bottom: 0px; min-height: 1em; max-width: 100%; box-sizing: border-box; text-align: left;\">&nbsp;&nbsp;&nbsp;&nbsp;&nbsp;&nbsp;&nbsp;&nbsp;随着对空间通信带宽的要求越来越高，现有的无线电和微波通信方式已经不能满足其要求，而空间光通信技术是很好的解决方案。</p><p style=\"padding: 0px; clear: both; margin-top: 0px; margin-bottom: 0px; -ms-word-wrap: break-word !important; min-height: 1em; max-width: 100%; box-sizing: border-box;\"><br style=\"margin: 0px; padding: 0px; max-width: 100%; box-sizing: border-box; text-align: left;\"/></p></section></section></section><section style=\"margin: 0px; padding: 0px; color: rgb(62, 62, 62); font-family: &quot;Helvetica Neue&quot;, Helvetica, &quot;Hiragino Sans GB&quot;, &quot;Microsoft YaHei&quot;, Arial, sans-serif; white-space: normal; -ms-word-wrap: break-word !important; max-width: 100%; box-sizing: border-box;\" powered-by=\"xiumi.us\"><section style=\"margin: 0px; padding: 0px; -ms-word-wrap: break-word !important; max-width: 100%; box-sizing: border-box;\"><section style=\"margin: 0px; padding: 2px 0px; text-align: justify; color: rgb(7, 7, 7); line-height: 1.8; letter-spacing: 0px; -ms-word-wrap: break-word !important; max-width: 100%; box-sizing: border-box;\"><p style=\"padding: 0px; clear: both; margin-top: 0px; margin-bottom: 0px; min-height: 1em; max-width: 100%; box-sizing: border-box; text-align: left;\"><strong style=\"margin: 0px; padding: 0px; -ms-word-wrap: break-word !important; max-width: 100%; box-sizing: border-box;\"><span style=\"margin: 0px; padding: 0px; color: rgb(250, 208, 21); font-size: 18px; -ms-word-wrap: break-word !important; max-width: 100%; box-sizing: border-box;\">&nbsp;&nbsp;&nbsp;&nbsp;&nbsp;&nbsp;&nbsp;&nbsp;移动光通信</span></strong>也称无线激光通信或自由空间光通信（FSO）它是以激光作为载波实现高速移动通信的一种空间通信方式。</p></section></section></section><section style=\"margin: 0px; padding: 0px; color: rgb(62, 62, 62); font-family: &quot;Helvetica Neue&quot;, Helvetica, &quot;Hiragino Sans GB&quot;, &quot;Microsoft YaHei&quot;, Arial, sans-serif; white-space: normal; -ms-word-wrap: break-word !important; max-width: 100%; box-sizing: border-box;\" powered-by=\"xiumi.us\"><section style=\"margin: 0px; padding: 0px; -ms-word-wrap: break-word !important; max-width: 100%; box-sizing: border-box;\"><section style=\"margin: 0px; padding: 0px; text-align: justify; color: rgb(7, 7, 7); -ms-word-wrap: break-word !important; max-width: 100%; box-sizing: border-box;\"><p style=\"padding: 0px; clear: both; margin-top: 0px; margin-bottom: 0px; min-height: 1em; max-width: 100%; box-sizing: border-box; text-align: left;\">&nbsp;&nbsp;&nbsp;&nbsp;&nbsp;&nbsp;&nbsp;&nbsp;那么移动光通信都能做些啥呢？<br style=\"margin: 0px; padding: 0px; max-width: 100%; box-sizing: border-box; text-align: left;\"/></p><p style=\"padding: 0px; clear: both; margin-top: 0px; margin-bottom: 0px; min-height: 1em; max-width: 100%; box-sizing: border-box; text-align: left;\">&nbsp;&nbsp;&nbsp;&nbsp;&nbsp;&nbsp;&nbsp;&nbsp;简单地说就是光纤通信、移动通信做不到的，我们都能做到！霸不霸气~<br style=\"margin: 0px; padding: 0px; max-width: 100%; box-sizing: border-box; text-align: left;\"/></p></section></section></section><section style=\"margin: 0px; padding: 0px; color: rgb(62, 62, 62); font-family: &quot;Helvetica Neue&quot;, Helvetica, &quot;Hiragino Sans GB&quot;, &quot;Microsoft YaHei&quot;, Arial, sans-serif; white-space: normal; -ms-word-wrap: break-word !important; max-width: 100%; box-sizing: border-box;\" powered-by=\"xiumi.us\"><section style=\"margin: 0px; padding: 0px; -ms-word-wrap: break-word !important; max-width: 100%; box-sizing: border-box;\"><section style=\"margin: 0px; padding: 0px; text-align: justify; color: rgb(7, 7, 7); -ms-word-wrap: break-word !important; max-width: 100%; box-sizing: border-box;\"><p style=\"padding: 0px; clear: both; margin-top: 0px; margin-bottom: 0px; min-height: 1em; max-width: 100%; box-sizing: border-box; text-align: left;\">&nbsp;&nbsp;&nbsp;&nbsp;&nbsp;&nbsp;&nbsp;&nbsp;移动光通信结合了光纤通信和移动无线通信的优点，同时具有光纤通信的<span style=\"margin: 0px; padding: 0px; color: rgb(250, 208, 21); -ms-word-wrap: break-word !important; max-width: 100%; box-sizing: border-box;\">高带宽</span>和移动通信<span style=\"margin: 0px; padding: 0px; color: rgb(250, 208, 21); -ms-word-wrap: break-word !important; max-width: 100%; box-sizing: border-box;\">无线便捷</span>的优点。<span style=\"margin: 0px; padding: 0px; line-height: 1.6; letter-spacing: 0px; -ms-word-wrap: break-word !important; max-width: 100%; box-sizing: border-box;\">可以实现：</span></p><p style=\"padding: 0px; clear: both; margin-top: 0px; margin-bottom: 0px; min-height: 1em; max-width: 100%; box-sizing: border-box; text-align: left;\"><span style=\"margin: 0px; padding: 0px; -ms-word-wrap: break-word !important; max-width: 100%; box-sizing: border-box;\">&nbsp;&nbsp;&nbsp;&nbsp;&nbsp;&nbsp;&nbsp;&nbsp;天-空-地一体化高速通信网；</span></p><p style=\"padding: 0px; clear: both; margin-top: 0px; margin-bottom: 0px; min-height: 1em; max-width: 100%; box-sizing: border-box; text-align: left;\"><span style=\"margin: 0px; padding: 0px; -ms-word-wrap: break-word !important; max-width: 100%; box-sizing: border-box;\">&nbsp;&nbsp;&nbsp;&nbsp;&nbsp;&nbsp;&nbsp;&nbsp;&nbsp;卫星、飞机、飞艇、船、车等移动平台之间的高速通信。</span></p></section></section></section><section style=\"margin: 0px; padding: 0px; color: rgb(62, 62, 62); font-family: &quot;Helvetica Neue&quot;, Helvetica, &quot;Hiragino Sans GB&quot;, &quot;Microsoft YaHei&quot;, Arial, sans-serif; white-space: normal; -ms-word-wrap: break-word !important; max-width: 100%; box-sizing: border-box;\" powered-by=\"xiumi.us\"><section style=\"margin: 0px; padding: 0px; -ms-word-wrap: break-word !important; max-width: 100%; box-sizing: border-box;\"><section style=\"margin: 0px; padding: 0px; -ms-word-wrap: break-word !important; max-width: 100%; box-sizing: border-box;\"><p style=\"padding: 0px; clear: both; margin-top: 0px; margin-bottom: 0px; -ms-word-wrap: break-word !important; min-height: 1em; max-width: 100%; box-sizing: border-box;\"><br style=\"margin: 0px; padding: 0px; max-width: 100%; box-sizing: border-box !important; text-align: left;\"/></p></section></section></section><section style=\"margin: 0px; padding: 0px; color: rgb(62, 62, 62); font-family: &quot;Helvetica Neue&quot;, Helvetica, &quot;Hiragino Sans GB&quot;, &quot;Microsoft YaHei&quot;, Arial, sans-serif; white-space: normal; -ms-word-wrap: break-word !important; max-width: 100%; box-sizing: border-box;\" powered-by=\"xiumi.us\"><section style=\"margin: 10px 0px; padding: 0px; text-align: center; -ms-word-wrap: break-word !important; max-width: 100%; box-sizing: border-box;\"></section></section><section style=\"margin: 0px; padding: 0px; color: rgb(62, 62, 62); font-family: &quot;Helvetica Neue&quot;, Helvetica, &quot;Hiragino Sans GB&quot;, &quot;Microsoft YaHei&quot;, Arial, sans-serif; white-space: normal; -ms-word-wrap: break-word !important; max-width: 100%; box-sizing: border-box;\" powered-by=\"xiumi.us\"><section style=\"margin: 0px; padding: 0px; -ms-word-wrap: break-word !important; max-width: 100%; box-sizing: border-box;\"><section style=\"margin: 0px; padding: 0px; -ms-word-wrap: break-word !important; max-width: 100%; box-sizing: border-box;\"><p style=\"padding: 0px; clear: both; margin-top: 0px; margin-bottom: 0px; -ms-word-wrap: break-word !important; min-height: 1em; max-width: 100%; box-sizing: border-box;\"><br style=\"margin: 0px; padding: 0px; max-width: 100%; box-sizing: border-box; text-align: left;\"/></p></section></section></section><section style=\"margin: 0px; padding: 0px; color: rgb(62, 62, 62); font-family: &quot;Helvetica Neue&quot;, Helvetica, &quot;Hiragino Sans GB&quot;, &quot;Microsoft YaHei&quot;, Arial, sans-serif; white-space: normal; -ms-word-wrap: break-word !important; max-width: 100%; box-sizing: border-box;\" powered-by=\"xiumi.us\"><section style=\"margin: 10px 0px; padding: 0px; overflow: hidden; -ms-word-wrap: break-word !important; max-width: 100%; box-sizing: border-box; transform: translate3d(0px, 0px, 0px);\"><section style=\"margin: 0px; padding: 0px; width: 0px; vertical-align: top; border-top-color: transparent !important; border-right-color: rgb(250, 208, 21); border-bottom-color: transparent !important; border-top-width: 1em !important; border-right-width: 0.5em; border-bottom-width: 1em !important; border-top-style: solid !important; border-right-style: solid; border-bottom-style: solid !important; display: inline-block; -ms-word-wrap: break-word !important; max-width: 100%; box-sizing: border-box;\"></section><span style=\"margin: 0px; padding: 0px 5px; height: 2em; color: rgb(7, 7, 7); line-height: 2em; vertical-align: top; display: inline-block; -ms-word-wrap: break-word !important; max-width: 100%; box-sizing: border-box; background-color: rgba(211, 207, 206, 0.117647);\"><p style=\"padding: 0px; clear: both; margin-top: 0px; margin-bottom: 0px; min-height: 1em; max-width: 100%; box-sizing: border-box; text-align: left;\"><strong style=\"margin: 0px; padding: 0px; -ms-word-wrap: break-word !important; max-width: 100%; box-sizing: border-box;\">超远程FPI空间目标探测系统&nbsp;</strong></p></span><section style=\"margin: 0px; padding: 0px; width: 0px; vertical-align: top; border-top-color: transparent !important; border-bottom-color: transparent !important; border-left-color: rgb(250, 208, 21); border-top-width: 1em !important; border-bottom-width: 1em !important; border-left-width: 0.5em; border-top-style: solid !important; border-bottom-style: solid !important; border-left-style: solid; display: inline-block; -ms-word-wrap: break-word !important; max-width: 100%; box-sizing: border-box;\"></section></section></section><section style=\"margin: 0px; padding: 0px; color: rgb(62, 62, 62); font-family: &quot;Helvetica Neue&quot;, Helvetica, &quot;Hiragino Sans GB&quot;, &quot;Microsoft YaHei&quot;, Arial, sans-serif; white-space: normal; -ms-word-wrap: break-word !important; max-width: 100%; box-sizing: border-box;\" powered-by=\"xiumi.us\"><section style=\"margin: 0px; padding: 0px; -ms-word-wrap: break-word !important; max-width: 100%; box-sizing: border-box;\"><section style=\"margin: 0px; padding: 2px 0px; text-align: justify; color: rgb(117, 114, 114); line-height: 1.8; letter-spacing: 0px; font-size: 15px; -ms-word-wrap: break-word !important; max-width: 100%; box-sizing: border-box;\"><p style=\"padding: 0px; clear: both; margin-top: 0px; margin-bottom: 0px; min-height: 1em; max-width: 100%; box-sizing: border-box; text-align: left;\"><span style=\"margin: 0px; padding: 0px; font-size: 16px; -ms-word-wrap: break-word !important; max-width: 100%; box-sizing: border-box;\">&nbsp;&nbsp;&nbsp;&nbsp;&nbsp;&nbsp;&nbsp;&nbsp;对超远距离（200km以上）空间移动目标（飞机、飞行火箭、飞行导弹等）的探测与监视是国家安全防御的重大需求之一。</span><br style=\"margin: 0px; padding: 0px; max-width: 100%; box-sizing: border-box; text-align: left;\"/></p><p style=\"padding: 0px; clear: both; margin-top: 0px; margin-bottom: 0px; -ms-word-wrap: break-word !important; min-height: 1em; max-width: 100%; box-sizing: border-box;\"><span style=\"margin: 0px; padding: 0px; font-size: 16px; -ms-word-wrap: break-word !important; max-width: 100%; box-sizing: border-box;\"><br style=\"margin: 0px; padding: 0px; max-width: 100%; box-sizing: border-box; text-align: left;\"/></span></p></section></section></section><section style=\"margin: 0px; padding: 0px; color: rgb(62, 62, 62); font-family: &quot;Helvetica Neue&quot;, Helvetica, &quot;Hiragino Sans GB&quot;, &quot;Microsoft YaHei&quot;, Arial, sans-serif; white-space: normal; -ms-word-wrap: break-word !important; max-width: 100%; box-sizing: border-box;\" powered-by=\"xiumi.us\"><section style=\"margin: 0px; padding: 0px; -ms-word-wrap: break-word !important; max-width: 100%; box-sizing: border-box;\"><section style=\"margin: 0px; padding: 0px; text-align: justify; color: rgb(7, 7, 7); -ms-word-wrap: break-word !important; max-width: 100%; box-sizing: border-box;\"><p style=\"padding: 0px; clear: both; margin-top: 0px; margin-bottom: 0px; min-height: 1em; max-width: 100%; box-sizing: border-box; text-align: left;\"><span style=\"margin: 0px; padding: 0px; -ms-word-wrap: break-word !important; max-width: 100%; box-sizing: border-box;\">&nbsp;&nbsp;&nbsp;&nbsp;&nbsp;&nbsp;&nbsp;&nbsp;一种基于原子滤光的FPI（Fabry-Perot interferometer）差分干涉成像技术的新型超远距离空间目标监视系统，它是一种<span style=\"margin: 0px; padding: 0px; -ms-word-wrap: break-word !important; max-width: 100%; box-sizing: border-box;\">被动式干涉光学探测设备</span>，可作地基或空基部署，目标探测距离大于1000km，可用于对空间移动目标（飞机、飞行火箭、飞行导弹等）的远程预警探测和监视，对防范敌方的隐形飞机、导弹来袭和监视敌方的火箭发射活动具有重大意义。</span></p><p style=\"padding: 0px; clear: both; margin-top: 0px; margin-bottom: 0px; min-height: 1em; max-width: 100%; box-sizing: border-box; text-align: left;\"><span style=\"margin: 0px; padding: 0px; -ms-word-wrap: break-word !important; max-width: 100%; box-sizing: border-box;\">由于采用原子滤光技术，可以进行<span style=\"margin: 0px; padding: 0px; -ms-word-wrap: break-word !important; max-width: 100%; box-sizing: border-box;\">白天干涉探测</span>，克服了高灵敏光学探测通常限于夜间工作的局限性。</span></p><p style=\"padding: 0px; clear: both; margin-top: 0px; margin-bottom: 0px; -ms-word-wrap: break-word !important; min-height: 1em; max-width: 100%; box-sizing: border-box;\"><br style=\"margin: 0px; padding: 0px; max-width: 100%; box-sizing: border-box; text-align: left;\"/></p></section></section></section><section style=\"margin: 0px; padding: 0px; color: rgb(62, 62, 62); font-family: &quot;Helvetica Neue&quot;, Helvetica, &quot;Hiragino Sans GB&quot;, &quot;Microsoft YaHei&quot;, Arial, sans-serif; white-space: normal; -ms-word-wrap: break-word !important; max-width: 100%; box-sizing: border-box;\" powered-by=\"xiumi.us\"><section style=\"margin: 10px 0px; padding: 0px 6px 6px 0px; text-align: center; -ms-word-wrap: break-word !important; max-width: 100%; box-sizing: border-box;\"><section style=\"margin: 0px; padding: 6px 0px 0px; display: inline-block; -ms-word-wrap: break-word !important; max-width: 100%; box-sizing: border-box; background-color: rgb(250, 208, 21);\"><section style=\"margin: 0px -6px -6px 6px; padding: 0px 6px; color: rgb(255, 255, 255); font-size: 21px; -ms-word-wrap: break-word !important; max-width: 100%; box-sizing: border-box; background-color: rgb(24, 20, 101);\"><p style=\"padding: 0px; clear: both; margin-top: 0px; margin-bottom: 0px; min-height: 1em; max-width: 100%; box-sizing: border-box; text-align: left;\"><strong style=\"margin: 0px; padding: 0px; -ms-word-wrap: break-word !important; max-width: 100%; box-sizing: border-box;\">我们的产品</strong></p></section></section></section></section><section style=\"margin: 0px; padding: 0px; color: rgb(62, 62, 62); font-family: &quot;Helvetica Neue&quot;, Helvetica, &quot;Hiragino Sans GB&quot;, &quot;Microsoft YaHei&quot;, Arial, sans-serif; white-space: normal; -ms-word-wrap: break-word !important; max-width: 100%; box-sizing: border-box;\" powered-by=\"xiumi.us\"><section style=\"margin: 0px; padding: 0px; -ms-word-wrap: break-word !important; max-width: 100%; box-sizing: border-box;\"><section style=\"margin: 0px; padding: 0px; -ms-word-wrap: break-word !important; max-width: 100%; box-sizing: border-box;\"><p style=\"padding: 0px; clear: both; margin-top: 0px; margin-bottom: 0px; -ms-word-wrap: break-word !important; min-height: 1em; max-width: 100%; box-sizing: border-box;\"><br style=\"margin: 0px; padding: 0px; max-width: 100%; box-sizing: border-box; text-align: left;\"/></p></section></section></section><section style=\"margin: 0px; padding: 0px; color: rgb(62, 62, 62); font-family: &quot;Helvetica Neue&quot;, Helvetica, &quot;Hiragino Sans GB&quot;, &quot;Microsoft YaHei&quot;, Arial, sans-serif; white-space: normal; -ms-word-wrap: break-word !important; max-width: 100%; box-sizing: border-box;\" powered-by=\"xiumi.us\"><section style=\"margin: 10px 0px; padding: 0px; overflow: hidden; -ms-word-wrap: break-word !important; max-width: 100%; box-sizing: border-box; transform: translate3d(0px, 0px, 0px);\"><section style=\"margin: 0px; padding: 0px; width: 0px; vertical-align: top; border-top-color: transparent !important; border-right-color: rgb(250, 208, 21); border-bottom-color: transparent !important; border-top-width: 1em !important; border-right-width: 0.5em; border-bottom-width: 1em !important; border-top-style: solid !important; border-right-style: solid; border-bottom-style: solid !important; display: inline-block; -ms-word-wrap: break-word !important; max-width: 100%; box-sizing: border-box;\"></section><span style=\"margin: 0px; padding: 0px 5px; height: 2em; line-height: 2em; vertical-align: top; display: inline-block; -ms-word-wrap: break-word !important; max-width: 100%; box-sizing: border-box; background-color: rgba(211, 207, 206, 0.117647);\"><p style=\"padding: 0px; clear: both; margin-top: 0px; margin-bottom: 0px; min-height: 1em; max-width: 100%; box-sizing: border-box; text-align: left;\"><strong style=\"margin: 0px; padding: 0px; -ms-word-wrap: break-word !important; max-width: 100%; box-sizing: border-box;\"><span style=\"margin: 0px; padding: 0px; color: rgb(7, 7, 7); -ms-word-wrap: break-word !important; max-width: 100%; box-sizing: border-box;\">激光WIFI系统</span></strong></p><section style=\"margin: 0px; padding: 0px; -ms-word-wrap: break-word !important; max-width: 100%; box-sizing: border-box;\"><br style=\"margin: 0px; padding: 0px; max-width: 100%; box-sizing: border-box; text-align: left;\"/></section></span><section style=\"margin: 0px; padding: 0px; width: 0px; vertical-align: top; border-top-color: transparent !important; border-bottom-color: transparent !important; border-left-color: rgb(250, 208, 21); border-top-width: 1em !important; border-bottom-width: 1em !important; border-left-width: 0.5em; border-top-style: solid !important; border-bottom-style: solid !important; border-left-style: solid; display: inline-block; -ms-word-wrap: break-word !important; max-width: 100%; box-sizing: border-box;\"></section></section></section><section style=\"margin: 0px; padding: 0px; color: rgb(62, 62, 62); font-family: &quot;Helvetica Neue&quot;, Helvetica, &quot;Hiragino Sans GB&quot;, &quot;Microsoft YaHei&quot;, Arial, sans-serif; white-space: normal; -ms-word-wrap: break-word !important; max-width: 100%; box-sizing: border-box;\" powered-by=\"xiumi.us\"><section style=\"margin: 0px; padding: 0px; -ms-word-wrap: break-word !important; max-width: 100%; box-sizing: border-box;\"><section style=\"margin: 0px; padding: 0px; text-align: justify; -ms-word-wrap: break-word !important; max-width: 100%; box-sizing: border-box;\"><p style=\"padding: 0px; clear: both; margin-top: 0px; margin-bottom: 0px; min-height: 1em; max-width: 100%; box-sizing: border-box; text-align: left;\"><span style=\"margin: 0px; padding: 0px; color: rgb(7, 7, 7); -ms-word-wrap: break-word !important; max-width: 100%; box-sizing: border-box;\">&nbsp;&nbsp;&nbsp;&nbsp;&nbsp;&nbsp;&nbsp;&nbsp;国内<strong style=\"margin: 0px; padding: 0px; -ms-word-wrap: break-word !important; max-width: 100%; box-sizing: border-box;\"><span style=\"margin: 0px; padding: 0px; color: rgb(250, 208, 21); font-size: 18px; -ms-word-wrap: break-word !important; max-width: 100%; box-sizing: border-box;\">首创</span></strong>激光WIFI通信系统可以快速架设高速移动局域网，实现手机、电话、电脑、视频等数据的宽带接入。</span></p></section></section></section><section style=\"margin: 0px; padding: 0px; color: rgb(62, 62, 62); font-family: &quot;Helvetica Neue&quot;, Helvetica, &quot;Hiragino Sans GB&quot;, &quot;Microsoft YaHei&quot;, Arial, sans-serif; white-space: normal; -ms-word-wrap: break-word !important; max-width: 100%; box-sizing: border-box;\" powered-by=\"xiumi.us\"><section style=\"margin: 10px 0px; padding: 0px; text-align: center; -ms-word-wrap: break-word !important; max-width: 100%; box-sizing: border-box;\"></section></section><section style=\"margin: 0px; padding: 0px; color: rgb(62, 62, 62); font-family: &quot;Helvetica Neue&quot;, Helvetica, &quot;Hiragino Sans GB&quot;, &quot;Microsoft YaHei&quot;, Arial, sans-serif; white-space: normal; -ms-word-wrap: break-word !important; max-width: 100%; box-sizing: border-box;\" powered-by=\"xiumi.us\"><section style=\"margin: 0px; padding: 0px; -ms-word-wrap: break-word !important; max-width: 100%; box-sizing: border-box;\"><section style=\"margin: 0px; padding: 0px; color: rgb(103, 103, 103); -ms-word-wrap: break-word !important; max-width: 100%; box-sizing: border-box;\"><p style=\"padding: 0px; text-align: center; clear: both; margin-top: 0px; margin-bottom: 0px; -ms-word-wrap: break-word !important; min-height: 1em; max-width: 100%; box-sizing: border-box;\"><br style=\"text-align: left;\"/></p></section></section></section><section style=\"margin: 0px; padding: 0px; color: rgb(62, 62, 62); font-family: &quot;Helvetica Neue&quot;, Helvetica, &quot;Hiragino Sans GB&quot;, &quot;Microsoft YaHei&quot;, Arial, sans-serif; white-space: normal; -ms-word-wrap: break-word !important; max-width: 100%; box-sizing: border-box;\" powered-by=\"xiumi.us\"><section style=\"margin: 10px 0px; padding: 0px; overflow: hidden; -ms-word-wrap: break-word !important; max-width: 100%; box-sizing: border-box; transform: translate3d(0px, 0px, 0px);\"><section style=\"margin: 0px; padding: 0px; width: 0px; vertical-align: top; border-top-color: transparent !important; border-right-color: rgb(250, 208, 21); border-bottom-color: transparent !important; border-top-width: 1em !important; border-right-width: 0.5em; border-bottom-width: 1em !important; border-top-style: solid !important; border-right-style: solid; border-bottom-style: solid !important; display: inline-block; -ms-word-wrap: break-word !important; max-width: 100%; box-sizing: border-box;\"></section><span style=\"margin: 0px; padding: 0px 5px; height: 2em; line-height: 2em; vertical-align: top; display: inline-block; -ms-word-wrap: break-word !important; max-width: 100%; box-sizing: border-box; background-color: rgba(211, 207, 206, 0.117647);\"><p style=\"padding: 0px; clear: both; margin-top: 0px; margin-bottom: 0px; min-height: 1em; max-width: 100%; box-sizing: border-box; text-align: left;\"><strong style=\"margin: 0px; padding: 0px; -ms-word-wrap: break-word !important; max-width: 100%; box-sizing: border-box;\"><span style=\"margin: 0px; padding: 0px; color: rgb(7, 7, 7); -ms-word-wrap: break-word !important; max-width: 100%; box-sizing: border-box;\">移动光通信系统</span></strong></p><section style=\"margin: 0px; padding: 0px; -ms-word-wrap: break-word !important; max-width: 100%; box-sizing: border-box;\"><br style=\"margin: 0px; padding: 0px; max-width: 100%; box-sizing: border-box; text-align: left;\"/></section></span><section style=\"margin: 0px; padding: 0px; width: 0px; vertical-align: top; border-top-color: transparent !important; border-bottom-color: transparent !important; border-left-color: rgb(250, 208, 21); border-top-width: 1em !important; border-bottom-width: 1em !important; border-left-width: 0.5em; border-top-style: solid !important; border-bottom-style: solid !important; border-left-style: solid; display: inline-block; -ms-word-wrap: break-word !important; max-width: 100%; box-sizing: border-box;\"></section></section></section><section style=\"margin: 0px; padding: 0px; color: rgb(62, 62, 62); font-family: &quot;Helvetica Neue&quot;, Helvetica, &quot;Hiragino Sans GB&quot;, &quot;Microsoft YaHei&quot;, Arial, sans-serif; white-space: normal; -ms-word-wrap: break-word !important; max-width: 100%; box-sizing: border-box;\" powered-by=\"xiumi.us\"><section style=\"margin: 0px; padding: 0px; -ms-word-wrap: break-word !important; max-width: 100%; box-sizing: border-box;\"><section style=\"margin: 0px; padding: 0px; text-align: justify; -ms-word-wrap: break-word !important; max-width: 100%; box-sizing: border-box;\"><p style=\"padding: 0px; clear: both; margin-top: 0px; margin-bottom: 0px; min-height: 1em; max-width: 100%; box-sizing: border-box; text-align: left;\"><span style=\"margin: 0px; padding: 0px; color: rgb(7, 7, 7); -ms-word-wrap: break-word !important; max-width: 100%; box-sizing: border-box;\">&nbsp;&nbsp;&nbsp;&nbsp;&nbsp;&nbsp;&nbsp;&nbsp;包括机载、车载、舰载、星载、艇载激光通信终端，可组建<strong style=\"margin: 0px; padding: 0px; -ms-word-wrap: break-word !important; max-width: 100%; box-sizing: border-box;\"><span style=\"margin: 0px; padding: 0px; color: rgb(250, 208, 21); font-size: 18px; -ms-word-wrap: break-word !important; max-width: 100%; box-sizing: border-box;\">天-空-地一体化高速通信网</span></strong>。</span></p></section></section></section><section style=\"margin: 0px; padding: 0px; color: rgb(62, 62, 62); font-family: &quot;Helvetica Neue&quot;, Helvetica, &quot;Hiragino Sans GB&quot;, &quot;Microsoft YaHei&quot;, Arial, sans-serif; white-space: normal; -ms-word-wrap: break-word !important; max-width: 100%; box-sizing: border-box;\" powered-by=\"xiumi.us\"><section style=\"margin: 10px 0px; padding: 0px; text-align: center; font-size: 10px; -ms-word-wrap: break-word !important; max-width: 100%; box-sizing: border-box;\"></section></section><section style=\"margin: 0px; padding: 0px; color: rgb(62, 62, 62); font-family: &quot;Helvetica Neue&quot;, Helvetica, &quot;Hiragino Sans GB&quot;, &quot;Microsoft YaHei&quot;, Arial, sans-serif; white-space: normal; -ms-word-wrap: break-word !important; max-width: 100%; box-sizing: border-box;\" powered-by=\"xiumi.us\"><section style=\"margin: 0px; padding: 0px; -ms-word-wrap: break-word !important; max-width: 100%; box-sizing: border-box;\"><section style=\"margin: 0px; padding: 0px; color: rgb(103, 103, 103); -ms-word-wrap: break-word !important; max-width: 100%; box-sizing: border-box;\"><p style=\"padding: 0px; text-align: center; clear: both; margin-top: 0px; margin-bottom: 0px; -ms-word-wrap: break-word !important; min-height: 1em; max-width: 100%; box-sizing: border-box;\"><br style=\"text-align: left;\"/></p></section></section></section><section style=\"margin: 0px; padding: 0px; color: rgb(62, 62, 62); font-family: &quot;Helvetica Neue&quot;, Helvetica, &quot;Hiragino Sans GB&quot;, &quot;Microsoft YaHei&quot;, Arial, sans-serif; white-space: normal; -ms-word-wrap: break-word !important; max-width: 100%; box-sizing: border-box;\" powered-by=\"xiumi.us\"><section style=\"margin: 10px 0px; padding: 0px; overflow: hidden; -ms-word-wrap: break-word !important; max-width: 100%; box-sizing: border-box; transform: translate3d(0px, 0px, 0px);\"><section style=\"margin: 0px; padding: 0px; width: 0px; vertical-align: top; border-top-color: transparent !important; border-right-color: rgb(250, 208, 21); border-bottom-color: transparent !important; border-top-width: 1em !important; border-right-width: 0.5em; border-bottom-width: 1em !important; border-top-style: solid !important; border-right-style: solid; border-bottom-style: solid !important; display: inline-block; -ms-word-wrap: break-word !important; max-width: 100%; box-sizing: border-box;\"></section><span style=\"margin: 0px; padding: 0px 5px; height: 2em; color: rgb(7, 7, 7); line-height: 2em; vertical-align: top; display: inline-block; -ms-word-wrap: break-word !important; max-width: 100%; box-sizing: border-box; background-color: rgba(211, 207, 206, 0.117647);\"><p style=\"padding: 0px; clear: both; margin-top: 0px; margin-bottom: 0px; min-height: 1em; max-width: 100%; box-sizing: border-box; text-align: left;\"><strong style=\"margin: 0px; padding: 0px; -ms-word-wrap: break-word !important; max-width: 100%; box-sizing: border-box;\">光通信产品</strong></p></span><section style=\"margin: 0px; padding: 0px; width: 0px; vertical-align: top; border-top-color: transparent !important; border-bottom-color: transparent !important; border-left-color: rgb(250, 208, 21); border-top-width: 1em !important; border-bottom-width: 1em !important; border-left-width: 0.5em; border-top-style: solid !important; border-bottom-style: solid !important; border-left-style: solid; display: inline-block; -ms-word-wrap: break-word !important; max-width: 100%; box-sizing: border-box;\"></section></section></section><section style=\"margin: 0px; padding: 0px; color: rgb(62, 62, 62); font-family: &quot;Helvetica Neue&quot;, Helvetica, &quot;Hiragino Sans GB&quot;, &quot;Microsoft YaHei&quot;, Arial, sans-serif; white-space: normal; -ms-word-wrap: break-word !important; max-width: 100%; box-sizing: border-box;\" powered-by=\"xiumi.us\"><section style=\"margin: 0px; padding: 0px; -ms-word-wrap: break-word !important; max-width: 100%; box-sizing: border-box;\"><section style=\"margin: 0px; padding: 0px; text-align: justify; -ms-word-wrap: break-word !important; max-width: 100%; box-sizing: border-box;\"><p style=\"padding: 0px; clear: both; margin-top: 0px; margin-bottom: 0px; min-height: 1em; max-width: 100%; box-sizing: border-box; text-align: left;\"><span style=\"margin: 0px; padding: 0px; color: rgb(7, 7, 7); -ms-word-wrap: break-word !important; max-width: 100%; box-sizing: border-box;\">&nbsp;&nbsp;&nbsp;&nbsp;&nbsp;&nbsp;&nbsp;&nbsp;包括2.5—10G光通信端机、EDFA、误码仪、光电探测器、光收发组件等产品</span>。</p></section></section></section><section style=\"margin: 0px; padding: 0px; color: rgb(62, 62, 62); font-family: &quot;Helvetica Neue&quot;, Helvetica, &quot;Hiragino Sans GB&quot;, &quot;Microsoft YaHei&quot;, Arial, sans-serif; white-space: normal; -ms-word-wrap: break-word !important; max-width: 100%; box-sizing: border-box;\" powered-by=\"xiumi.us\"><section style=\"margin: 10px 0px; padding: 0px; text-align: center; -ms-word-wrap: break-word !important; max-width: 100%; box-sizing: border-box;\"></section></section><section style=\"margin: 0px; padding: 0px; color: rgb(62, 62, 62); font-family: &quot;Helvetica Neue&quot;, Helvetica, &quot;Hiragino Sans GB&quot;, &quot;Microsoft YaHei&quot;, Arial, sans-serif; white-space: normal; -ms-word-wrap: break-word !important; max-width: 100%; box-sizing: border-box;\" powered-by=\"xiumi.us\"><section style=\"margin: 0px; padding: 0px; -ms-word-wrap: break-word !important; max-width: 100%; box-sizing: border-box;\"><section style=\"margin: 0px; padding: 0px; text-align: center; color: rgb(103, 103, 103); font-size: 12px; -ms-word-wrap: break-word !important; max-width: 100%; box-sizing: border-box;\"><p style=\"padding: 0px; clear: both; margin-top: 0px; margin-bottom: 0px; -ms-word-wrap: break-word !important; min-height: 1em; max-width: 100%; box-sizing: border-box;\"><br style=\"text-align: left;\"/></p></section></section></section><section style=\"margin: 0px; padding: 0px; color: rgb(62, 62, 62); font-family: &quot;Helvetica Neue&quot;, Helvetica, &quot;Hiragino Sans GB&quot;, &quot;Microsoft YaHei&quot;, Arial, sans-serif; white-space: normal; -ms-word-wrap: break-word !important; max-width: 100%; box-sizing: border-box;\" powered-by=\"xiumi.us\"><section style=\"margin: 10px 0px; padding: 0px 6px 6px 0px; text-align: center; -ms-word-wrap: break-word !important; max-width: 100%; box-sizing: border-box;\"><section style=\"margin: 0px; padding: 6px 0px 0px; display: inline-block; -ms-word-wrap: break-word !important; max-width: 100%; box-sizing: border-box; background-color: rgb(250, 208, 21);\"><section style=\"margin: 0px -6px -6px 6px; padding: 0px 6px; color: rgb(255, 255, 255); font-size: 21px; -ms-word-wrap: break-word !important; max-width: 100%; box-sizing: border-box; background-color: rgb(24, 20, 101);\"><p style=\"padding: 0px; clear: both; margin-top: 0px; margin-bottom: 0px; min-height: 1em; max-width: 100%; box-sizing: border-box; text-align: left;\"><strong style=\"margin: 0px; padding: 0px; -ms-word-wrap: break-word !important; max-width: 100%; box-sizing: border-box;\">我们的行业前景</strong></p></section></section></section></section><section style=\"margin: 0px; padding: 0px; color: rgb(62, 62, 62); font-family: &quot;Helvetica Neue&quot;, Helvetica, &quot;Hiragino Sans GB&quot;, &quot;Microsoft YaHei&quot;, Arial, sans-serif; white-space: normal; -ms-word-wrap: break-word !important; max-width: 100%; box-sizing: border-box;\" powered-by=\"xiumi.us\"><section style=\"margin: 0px; padding: 0px; -ms-word-wrap: break-word !important; max-width: 100%; box-sizing: border-box;\"><section style=\"margin: 0px; padding: 0px; -ms-word-wrap: break-word !important; max-width: 100%; box-sizing: border-box;\"><p style=\"padding: 0px; clear: both; margin-top: 0px; margin-bottom: 0px; -ms-word-wrap: break-word !important; min-height: 1em; max-width: 100%; box-sizing: border-box;\"><br style=\"margin: 0px; padding: 0px; max-width: 100%; box-sizing: border-box; text-align: left;\"/></p></section></section></section><section style=\"margin: 0px; padding: 0px; color: rgb(62, 62, 62); font-family: &quot;Helvetica Neue&quot;, Helvetica, &quot;Hiragino Sans GB&quot;, &quot;Microsoft YaHei&quot;, Arial, sans-serif; white-space: normal; -ms-word-wrap: break-word !important; max-width: 100%; box-sizing: border-box;\" powered-by=\"xiumi.us\"><section style=\"margin: 0px; padding: 0px; -ms-word-wrap: break-word !important; max-width: 100%; box-sizing: border-box;\"><section style=\"margin: 0px; padding: 0px; text-align: justify; color: rgb(7, 7, 7); -ms-word-wrap: break-word !important; max-width: 100%; box-sizing: border-box;\"><p style=\"padding: 0px; clear: both; margin-top: 0px; margin-bottom: 0px; min-height: 1em; max-width: 100%; box-sizing: border-box; text-align: left;\">&nbsp;&nbsp;&nbsp;&nbsp;&nbsp;&nbsp;&nbsp;&nbsp;中共中央政治局2017年1月22日召开会议，决定设立中央<strong style=\"margin: 0px; padding: 0px; -ms-word-wrap: break-word !important; max-width: 100%; box-sizing: border-box;\"><span style=\"margin: 0px; padding: 0px; color: rgb(250, 208, 21); font-size: 18px; -ms-word-wrap: break-word !important; max-width: 100%; box-sizing: border-box;\">军民融合</span></strong>发展委员会，由习近平主席任主任。<span style=\"margin: 0px; padding: 0px; line-height: 1.6; letter-spacing: 0px; -ms-word-wrap: break-word !important; max-width: 100%; box-sizing: border-box;\">随着军民融合改革推进，开始鼓励民企进入军品供应链，为民企争取了更大的发展空间。</span></p><p style=\"padding: 0px; clear: both; margin-top: 0px; margin-bottom: 0px; min-height: 1em; max-width: 100%; box-sizing: border-box; text-align: left;\"><span style=\"margin: 0px; padding: 0px; line-height: 25.6px; letter-spacing: 0px; -ms-word-wrap: break-word !important; max-width: 100%; box-sizing: border-box;\">今后</span><span style=\"margin: 0px; padding: 0px; line-height: 1.6; letter-spacing: 0px; -ms-word-wrap: break-word !important; max-width: 100%; box-sizing: border-box;\">在国防；武警、公安通信；</span><span style=\"margin: 0px; padding: 0px; line-height: 1.6; letter-spacing: 0px; -ms-word-wrap: break-word !important; max-width: 100%; box-sizing: border-box;\">民用领域等领域说不定都能看到我们更多的身影哦~</span></p><p style=\"padding: 0px; clear: both; margin-top: 0px; margin-bottom: 0px; min-height: 1em; max-width: 100%; box-sizing: border-box; text-align: left;\"><span style=\"margin: 0px; padding: 0px; -ms-word-wrap: break-word !important; max-width: 100%; box-sizing: border-box;\">另外，随着<strong style=\"margin: 0px; padding: 0px; -ms-word-wrap: break-word !important; max-width: 100%; box-sizing: border-box;\"><span style=\"margin: 0px; padding: 0px; color: rgb(250, 208, 21); font-size: 18px; -ms-word-wrap: break-word !important; max-width: 100%; box-sizing: border-box;\">一带一路</span></strong><span style=\"margin: 0px; padding: 0px; -ms-word-wrap: break-word !important; max-width: 100%; box-sizing: border-box;\">的</span>建设在推进，中国与中亚、南亚、东南亚、北非、中东欧国家之间的交往更加频繁，我们的产品具有良好的推广机遇。</span></p></section></section></section><p><br style=\"text-align: left;\"/></p>', '3', '2018-01-15 00:17:12.316746', '2018-03-17 15:08:29.399534', '278', '1', '14', 'story/images/2018/01/1.jpg');
INSERT INTO `oce_story` VALUES ('15', '满满的“硬”实力', 'man-man-de-ying-shi-li', '<section powered-by=\"xiumi.us\"><section><section><section><section><section powered-by=\"xiumi.us\"><section><section><p>&nbsp; &nbsp; 六博光电专注于激光通信产品的研发、生产与销售。了解过我们的产品，难道不好奇是怎样的团队才能研制出如此强大的“黑科技”吗？</p><p>&nbsp; &nbsp; 来自于武汉大学的六博光电坐拥得天独厚的科研实力、地域优势以及专业的管理队伍，这满满的“硬”实力，是不是让你目瞪口呆！</p><p>&nbsp; &nbsp; 别急着惊讶，跟着小编往下看~</p></section></section></section></section></section></section></section></section><p><br/></p><section class=\"\" powered-by=\"xiumi.us\" style=\"margin: 0px; padding: 0px; max-width: 100%; box-sizing: border-box; color: rgb(62, 62, 62); font-family: &quot;Helvetica Neue&quot;, Helvetica, &quot;Hiragino Sans GB&quot;, &quot;Microsoft YaHei&quot;, Arial, sans-serif; white-space: normal; word-wrap: break-word !important;\"><section class=\"\" style=\"margin: 10px 0px; padding: 0px; max-width: 100%; box-sizing: border-box; word-wrap: break-word !important; text-align: center;\"><section class=\"\" style=\"margin: 0px; padding: 0px 5px; max-width: 100%; box-sizing: border-box; word-wrap: break-word !important; border-bottom: 1px solid rgb(246, 43, 9); display: inline-block; font-size: 21px; line-height: 1; color: rgb(7, 7, 7);\"><p style=\"margin-top: 0px; margin-bottom: 0px; padding: 0px; max-width: 100%; box-sizing: border-box; clear: both; min-height: 1em; word-wrap: break-word !important;\">我们的</p></section><section class=\"\" style=\"margin: 0px; padding: 5px 5px 1px; max-width: 100%; box-sizing: border-box; word-wrap: break-word !important; display: inline-block; font-size: 21px; line-height: 1; color: rgb(255, 255, 255); background-color: rgb(246, 43, 9);\"><p style=\"margin-top: 0px; margin-bottom: 0px; padding: 0px; max-width: 100%; box-sizing: border-box; clear: both; min-height: 1em; word-wrap: break-word !important;\">科研实力</p></section></section></section><section class=\"\" powered-by=\"xiumi.us\" style=\"margin: 0px; padding: 0px; max-width: 100%; box-sizing: border-box; color: rgb(62, 62, 62); font-family: &quot;Helvetica Neue&quot;, Helvetica, &quot;Hiragino Sans GB&quot;, &quot;Microsoft YaHei&quot;, Arial, sans-serif; white-space: normal; word-wrap: break-word !important;\"><section class=\"\" style=\"margin: 0px; padding: 0px; max-width: 100%; box-sizing: border-box; word-wrap: break-word !important;\"><section class=\"\" style=\"margin: 0px; padding: 0px; max-width: 100%; box-sizing: border-box; word-wrap: break-word !important;\"><p style=\"margin-top: 0px; margin-bottom: 0px; padding: 0px; max-width: 100%; box-sizing: border-box; clear: both; min-height: 1em; word-wrap: break-word !important;\"><br style=\"margin: 0px; padding: 0px; max-width: 100%; box-sizing: border-box; word-wrap: break-word !important;\"/></p></section></section></section><section class=\"\" powered-by=\"xiumi.us\" style=\"margin: 0px; padding: 0px; max-width: 100%; box-sizing: border-box; color: rgb(62, 62, 62); font-family: &quot;Helvetica Neue&quot;, Helvetica, &quot;Hiragino Sans GB&quot;, &quot;Microsoft YaHei&quot;, Arial, sans-serif; white-space: normal; word-wrap: break-word !important;\"><section class=\"\" style=\"margin: 0px; padding: 0px; max-width: 100%; box-sizing: border-box; word-wrap: break-word !important;\"><section class=\"\" style=\"margin: 0px; padding: 0px; max-width: 100%; box-sizing: border-box; word-wrap: break-word !important;\"><p style=\"margin-top: 0px; margin-bottom: 0px; padding: 0px; max-width: 100%; box-sizing: border-box; clear: both; min-height: 1em; text-align: justify; word-wrap: break-word !important;\"><strong style=\"margin: 0px; padding: 0px; max-width: 100%; box-sizing: border-box; word-wrap: break-word !important;\"><span style=\"margin: 0px; padding: 0px; max-width: 100%; box-sizing: border-box; word-wrap: break-word !important; letter-spacing: 0px; line-height: 1.6; font-size: 18px; color: rgb(7, 7, 7);\">激光通信实验室</span></strong></p><p style=\"margin-top: 0px; margin-bottom: 0px; padding: 0px; max-width: 100%; box-sizing: border-box; clear: both; min-height: 1em; text-align: justify; word-wrap: break-word !important;\"><strong style=\"margin: 0px; padding: 0px; max-width: 100%; box-sizing: border-box; word-wrap: break-word !important;\"><span style=\"margin: 0px; padding: 0px; max-width: 100%; box-sizing: border-box; word-wrap: break-word !important; letter-spacing: 0px; line-height: 1.6; font-size: 18px; color: rgb(7, 7, 7);\"><br style=\"margin: 0px; padding: 0px; max-width: 100%; box-sizing: border-box; word-wrap: break-word !important;\"/></span></strong></p><p style=\"margin-top: 0px; margin-bottom: 0px; padding: 0px; max-width: 100%; box-sizing: border-box; clear: both; min-height: 1em; text-align: justify; word-wrap: break-word !important;\"><span style=\"margin: 0px; padding: 0px; max-width: 100%; box-sizing: border-box; word-wrap: break-word !important; letter-spacing: 0px; line-height: 1.6; color: rgb(7, 7, 7);\">六博光电的主要技术和研发人员均来自于</span><strong style=\"margin: 0px; padding: 0px; max-width: 100%; box-sizing: border-box; word-wrap: break-word !important; letter-spacing: 0px; line-height: 1.6;\"><span style=\"margin: 0px; padding: 0px; max-width: 100%; box-sizing: border-box; word-wrap: break-word !important; letter-spacing: 0px; line-height: 1.6; font-size: 18px; color: rgb(246, 43, 9);\">武汉大学电子信息学院激光通信实验室</span></strong><span style=\"margin: 0px; padding: 0px; max-width: 100%; box-sizing: border-box; word-wrap: break-word !important; letter-spacing: 0px; line-height: 1.6; color: rgb(7, 7, 7);\">，该实验室成立于2000年，是我国最早专门从事激光通信技术研究机构之一，取得多项国内领先水平科研成果。</span></p><p style=\"margin-top: 0px; margin-bottom: 0px; padding: 0px; max-width: 100%; box-sizing: border-box; clear: both; min-height: 1em; text-align: justify; word-wrap: break-word !important;\"><span style=\"margin: 0px; padding: 0px; max-width: 100%; box-sizing: border-box; word-wrap: break-word !important; letter-spacing: 0px; line-height: 1.6; color: rgb(7, 7, 7);\"><br style=\"margin: 0px; padding: 0px; max-width: 100%; box-sizing: border-box; word-wrap: break-word !important;\"/></span></p></section></section></section><section class=\"\" powered-by=\"xiumi.us\" style=\"margin: 0px; padding: 0px; max-width: 100%; box-sizing: border-box; color: rgb(62, 62, 62); font-family: &quot;Helvetica Neue&quot;, Helvetica, &quot;Hiragino Sans GB&quot;, &quot;Microsoft YaHei&quot;, Arial, sans-serif; white-space: normal; word-wrap: break-word !important;\"><section class=\"\" style=\"margin: 0px; padding: 0px; max-width: 100%; box-sizing: border-box; word-wrap: break-word !important;\"><section class=\"\" style=\"margin: 0px; padding: 0px; max-width: 100%; box-sizing: border-box; word-wrap: break-word !important; color: rgb(7, 7, 7); font-size: 18px;\"><p style=\"margin-top: 0px; margin-bottom: 0px; padding: 0px; max-width: 100%; box-sizing: border-box; clear: both; min-height: 1em; word-wrap: break-word !important;\"><strong style=\"margin: 0px; padding: 0px; max-width: 100%; box-sizing: border-box; word-wrap: break-word !important;\">六位博士</strong></p></section></section></section><section class=\"\" powered-by=\"xiumi.us\" style=\"margin: 0px; padding: 0px; max-width: 100%; box-sizing: border-box; color: rgb(62, 62, 62); font-family: &quot;Helvetica Neue&quot;, Helvetica, &quot;Hiragino Sans GB&quot;, &quot;Microsoft YaHei&quot;, Arial, sans-serif; white-space: normal; word-wrap: break-word !important;\"><section class=\"\" style=\"margin: 0px; padding: 0px; max-width: 100%; box-sizing: border-box; word-wrap: break-word !important;\"><section class=\"\" style=\"margin: 0px; padding: 0px; max-width: 100%; box-sizing: border-box; word-wrap: break-word !important;\"><p style=\"margin-top: 0px; margin-bottom: 0px; padding: 0px; max-width: 100%; box-sizing: border-box; clear: both; min-height: 1em; word-wrap: break-word !important;\"><br style=\"margin: 0px; padding: 0px; max-width: 100%; box-sizing: border-box; word-wrap: break-word !important;\"/></p></section></section></section><section class=\"\" powered-by=\"xiumi.us\" style=\"margin: 0px; padding: 0px; max-width: 100%; box-sizing: border-box; color: rgb(62, 62, 62); font-family: &quot;Helvetica Neue&quot;, Helvetica, &quot;Hiragino Sans GB&quot;, &quot;Microsoft YaHei&quot;, Arial, sans-serif; white-space: normal; word-wrap: break-word !important;\"><section class=\"\" style=\"margin: 0px; padding: 0px; max-width: 100%; box-sizing: border-box; word-wrap: break-word !important;\"><section class=\"\" style=\"margin: 0px; padding: 0px; max-width: 100%; box-sizing: border-box; word-wrap: break-word !important; text-align: justify; color: rgb(7, 7, 7);\"><p style=\"margin-top: 0px; margin-bottom: 0px; padding: 0px; max-width: 100%; box-sizing: border-box; clear: both; min-height: 1em; word-wrap: break-word !important;\">执行董事<strong style=\"margin: 0px; padding: 0px; max-width: 100%; box-sizing: border-box; word-wrap: break-word !important;\"><span style=\"margin: 0px; padding: 0px; max-width: 100%; box-sizing: border-box; word-wrap: break-word !important; color: rgb(246, 43, 9); font-size: 18px;\">艾勇教授</span></strong>是激光通信实验室主任，主要从事激光技术及应用和中高层大气物理领域的研究工作，曾公派去日本国立静冈大学工学部光电机械系访问研究，还以中国第十五次南极科学考察队正式队员赴南极中山站进行为期十五个月的越冬科学考察，发表多篇学术论文，拥有多项专利成果。</p><p style=\"text-align:center\"><img src=\"/media/story/images/blob_20180115002117_755.png\" title=\"\" alt=\"blob.png\"/></p></section></section></section><section class=\"\" powered-by=\"xiumi.us\" style=\"margin: 0px; padding: 0px; max-width: 100%; box-sizing: border-box; color: rgb(62, 62, 62); font-family: &quot;Helvetica Neue&quot;, Helvetica, &quot;Hiragino Sans GB&quot;, &quot;Microsoft YaHei&quot;, Arial, sans-serif; white-space: normal; word-wrap: break-word !important;\"><section class=\"\" style=\"margin: 10px 0px; padding: 0px; max-width: 100%; box-sizing: border-box; word-wrap: break-word !important; text-align: center; font-size: 8px;\"></section></section><section class=\"\" powered-by=\"xiumi.us\" style=\"margin: 0px; padding: 0px; max-width: 100%; box-sizing: border-box; color: rgb(62, 62, 62); font-family: &quot;Helvetica Neue&quot;, Helvetica, &quot;Hiragino Sans GB&quot;, &quot;Microsoft YaHei&quot;, Arial, sans-serif; white-space: normal; word-wrap: break-word !important;\"><section class=\"\" style=\"margin: 0px; padding: 0px; max-width: 100%; box-sizing: border-box; word-wrap: break-word !important;\"><section class=\"\" style=\"margin: 0px; padding: 0px; max-width: 100%; box-sizing: border-box; word-wrap: break-word !important; text-align: center; font-size: 12px; color: rgb(103, 103, 103);\"><p style=\"margin-top: 0px; margin-bottom: 0px; padding: 0px; max-width: 100%; box-sizing: border-box; clear: both; min-height: 1em; word-wrap: break-word !important;\">图片来源：广州日报</p></section></section></section><p><br/></p><p><br/></p>', '3', '2018-01-15 00:22:53.770735', '2018-03-16 21:46:33.620000', '372', '1', '14', 'story/images/2018/01/2.jpg');
INSERT INTO `oce_story` VALUES ('18', '公司简介', 'gong-si-jian-jie', '<p style=\"text-align: center;\"><img title=\"\" alt=\"blob.png\" src=\"/media/story/images/blob_20180115005000_546.png\"/></p><p><br/></p><p style=\"text-align: center;\"><span style=\"font-family: 宋体, SimSun; font-size: 12px;\"><img title=\"\" alt=\"blob.png\" src=\"/media/story/images/blob_20180115005023_496.png\"/></span></p><p style=\"padding: 0px; text-align: left; text-indent: 2em; font-family: Simsun; font-size: medium; margin-top: 0px; margin-bottom: 0px;\"><span style=\"font-family: 宋体, SimSun; font-size: 12px;\"></span><span style=\"color: rgb(85, 85, 85); text-indent: 2em; font-family: &quot;Microsoft Yahei&quot;; font-size: 15px;\"></span><p style=\"padding: 0px; text-indent: 2em; font-family: Simsun; font-size: medium; margin-top: 0px; margin-bottom: 0px;\">武汉六博光电技术有限责任公司由毕业于武汉大学的六位博士创建，公司主要技术和研发人员来源于武汉大学激光通信实验室该实验室研制的天宫二号激光通信载荷在2016年12月成功地与新疆南山光学地面站进行了1.6Gbps速率的高速激光通信试验，创我国最高卫星通信速率纪录，目前仍在轨运行。在移动激光通信技术方面位居国内前茅。公司执行董事艾勇教授长期从事空间激光通信技术研究，带领的研究团队在空间激光通信方面取得多项国内领先水平的科研成果。</p><p style=\"padding: 0px; text-indent: 2em; font-family: Simsun; font-size: medium; margin-top: 0px; margin-bottom: 0px;\"><br/></p><p style=\"padding: 0px; text-indent: 2em; font-family: Simsun; font-size: medium; margin-top: 0px; margin-bottom: 0px;\">执行董事艾勇教授是激光通信实验室主任，主要从事激光技术及应用和中高层大气物理领域的研究工作，曾公派去日本国立静冈大学工学部光电机械系访问研究，还以中国第十五次南极科学考察队正式队员赴南极中山站进行为期十五个月的越冬科学考察，发表多篇学术论文，拥有多项专利成果。</p><p style=\"padding: 0px; text-indent: 2em; font-family: Simsun; font-size: medium; margin-top: 0px; margin-bottom: 0px;\"><br/></p><p style=\"padding: 0px; text-indent: 2em; font-family: Simsun; font-size: medium; margin-top: 0px; margin-bottom: 0px;\">以最优质的产品、最有竞争力的价格、最完善的服务满足客户需求是路必康不懈努力的目标，公司会持续以此为奋斗方向，不断开拓创新，为客户、供应商、员工创造最大价值。</p><p><span style=\"font-family: 宋体, SimSun; font-size: 12px;\"><br/></span></p><p></p></p>', '3', '2018-01-15 00:48:12.789701', '2018-05-16 16:36:51.845000', '248', '1', '7', 'story/images/2018/01/2.png');
INSERT INTO `oce_story` VALUES ('19', '公司理念', 'gong-si-li-nian', '<p style=\"text-align:justify;margin-top: 0px; margin-bottom: 0px; padding: 0px; color: rgb(85, 85, 85); font-family: &quot;Microsoft Yahei&quot;; font-size: 14px; white-space: normal;\"><span style=\"font-family: &quot;Microsoft YaHei&quot;; color: rgb(0, 0, 0);\"><strong> 公司愿景</strong></span></p><p style=\"text-align:justify;margin-top: 0px; margin-bottom: 0px; padding: 0px; color: rgb(85, 85, 85); font-family: &quot;Microsoft Yahei&quot;; font-size: 14px; white-space: normal;\"><span style=\"font-family: &quot;Microsoft YaHei&quot;; color: rgb(0, 0, 0);\">&nbsp;成为中国本土无线光通信领域领跑者</span></p><p style=\"text-align:justify;margin-top: 0px; margin-bottom: 0px; padding: 0px; color: rgb(85, 85, 85); font-family: &quot;Microsoft Yahei&quot;; font-size: 14px; white-space: normal;\"><br/><span style=\"font-family: &quot;Microsoft YaHei&quot;; color: rgb(0, 0, 0);\"><strong>&nbsp;&nbsp;&nbsp;&nbsp;&nbsp;&nbsp;&nbsp;&nbsp;公司</strong><strong>目标</strong></span></p><p style=\"text-align:justify;margin-top: 0px; margin-bottom: 0px; padding: 0px; color: rgb(85, 85, 85); font-family: &quot;Microsoft Yahei&quot;; font-size: 14px; white-space: normal;\"><span style=\"font-family: &quot;Microsoft YaHei&quot;; color: rgb(0, 0, 0);\">&nbsp;为客户、供应商、员工创造最大价值</span><br/><span style=\"font-family: &quot;Microsoft YaHei&quot;; color: rgb(0, 0, 0);\">&nbsp;公司持续成长、稳定盈利</span></p><p style=\"text-align:justify;margin-top: 0px; margin-bottom: 0px; padding: 0px; color: rgb(85, 85, 85); font-family: &quot;Microsoft Yahei&quot;; font-size: 14px; white-space: normal;\"><br/></p><p style=\"text-align:justify;margin-top: 0px; margin-bottom: 0px; padding: 0px; color: rgb(85, 85, 85); font-family: &quot;Microsoft Yahei&quot;; font-size: 14px; white-space: normal;\"><span style=\"font-family: &quot;Microsoft YaHei&quot;; color: rgb(0, 0, 0);\"><strong>&nbsp; 公司核心价值</strong></span></p><p style=\"text-align:justify;margin-top: 0px; margin-bottom: 0px; padding: 0px; color: rgb(85, 85, 85); font-family: &quot;Microsoft Yahei&quot;; font-size: 14px; white-space: normal;\"><span style=\"font-family: &quot;Microsoft YaHei&quot;; color: rgb(0, 0, 0);\">●以客为尊</span><br/><span style=\"font-family: &quot;Microsoft YaHei&quot;; color: rgb(0, 0, 0);\">&nbsp;&nbsp;&nbsp;&nbsp;&nbsp;&nbsp;&nbsp;&nbsp;客户是公司发展的驱动力和决定因素，六博光电坚持以客户为中心的服务理念，贯彻“以客为尊、以诚待客”的宗旨，向客户提供“零缺陷”的产品及超出客户期望的优质服务。</span><br/><br/><span style=\"font-family: &quot;Microsoft YaHei&quot;; color: rgb(0, 0, 0);\">&nbsp;&nbsp;&nbsp;&nbsp;&nbsp;&nbsp;&nbsp;&nbsp;●以诚经营</span><br/><span style=\"font-family: &quot;Microsoft YaHei&quot;; color: rgb(0, 0, 0);\">&nbsp;&nbsp;&nbsp;&nbsp;&nbsp;&nbsp;&nbsp;&nbsp;诚信是<span style=\"font-family: &quot;Microsoft YaHei&quot;; font-size: 14px; text-align: justify;\">六博光电</span>经营发展之根本，公司恪守“以质为纲、以诚经营”的方针，秉承“诚实、守信、公平、创新”的企业精神，与客户、供应商建立互惠互利的长期合作关系，我们坚信成功来源于诚信。</span><br/><br/><span style=\"font-family: &quot;Microsoft YaHei&quot;; color: rgb(0, 0, 0);\">&nbsp;&nbsp;&nbsp;&nbsp;&nbsp;&nbsp;&nbsp;&nbsp;●以人为本</span><br/><span style=\"font-family: &quot;Microsoft YaHei&quot;; color: rgb(0, 0, 0);\">&nbsp;&nbsp;&nbsp;&nbsp;&nbsp;&nbsp;&nbsp;&nbsp;人才是公司发展的重要因素，也是公司最大的资源和财富，<span style=\"font-family: &quot;Microsoft YaHei&quot;; font-size: 14px; text-align: justify;\">六博光电</span>公司秉承以人为本，公平、公正、公开的经营管理原则, 致力于吸引人才、培养人才，为员工的事业发展提供宽阔空间，让每一位有能力、有事业心的员工都能在<span style=\"font-family: &quot;Microsoft YaHei&quot;; font-size: 14px; text-align: justify;\">六博光电的</span>舞台施展才华、实现理想。</span><br/><br/><span style=\"font-family: &quot;Microsoft YaHei&quot;; color: rgb(0, 0, 0);\">&nbsp;&nbsp;&nbsp;&nbsp;&nbsp;&nbsp;&nbsp;&nbsp;●团队精神</span><br/><span style=\"font-family: &quot;Microsoft YaHei&quot;; color: rgb(0, 0, 0);\">&nbsp;&nbsp;&nbsp;&nbsp;&nbsp;&nbsp;&nbsp;&nbsp;团队精神是<span style=\"font-family: &quot;Microsoft YaHei&quot;; font-size: 14px; text-align: justify;\">六博光电</span>企业精神的重要组成部分，也是促进公司凝聚力、竞争力不断增强的精神力量。专人跟进，团体合作的客户服务模式成为公司稳健发展的基础。<span style=\"font-family: &quot;Microsoft YaHei&quot;; font-size: 14px; text-align: justify;\">六博光电</span>通过经验丰富的销售团队、力量雄厚的技术团队和精诚合作的物流团队，为客户提供全方位的产品和服务，最大程度地满足客户的不同需求。</span><br/><br/><span style=\"font-family: &quot;Microsoft YaHei&quot;; color: rgb(0, 0, 0);\">&nbsp;&nbsp;&nbsp;&nbsp;&nbsp;&nbsp;&nbsp;&nbsp;●追求卓越</span><br/><span style=\"font-family: &quot;Microsoft YaHei&quot;; color: rgb(0, 0, 0);\"><span style=\"font-family: &quot;Microsoft YaHei&quot;; font-size: 14px; text-align: justify;\">&nbsp;&nbsp;&nbsp;&nbsp;&nbsp;&nbsp;&nbsp;&nbsp;六博光电</span>持续为市场客户提供多样化的产品、全方位的服务体现了公司锲而不舍、创新开拓、追求卓越的企业精神。公司在精益求精、追求卓越的过程中为客户、供应商、员工创造最大价值，并不断向“<span style=\"font-family: &quot;Microsoft YaHei&quot;; font-size: 14px; text-align: justify;\">成为中国本土无线光通信领域领跑者</span>”这一愿景迈进。</span></p><p><br/></p>', '3', '2018-01-15 00:55:51.695579', '2018-05-16 16:32:42.887000', '105', '1', '9', 'story/images/2018/01/2_d3RwTQv.png');
INSERT INTO `oce_story` VALUES ('20', '企业文化', 'qi-ye-wen-hua', '<p style=\"text-align: center\"><img src=\"/media/story/images/7_20180115010002_944.png\" style=\"\"/></p><p style=\"text-align: center\"><img src=\"/media/story/images/8_20180115010002_735.png\" style=\"\"/></p><p style=\"text-align: center\"><img src=\"/media/story/images/9_20180115010002_894.png\" style=\"\"/></p><p><br/></p>', '3', '2018-01-15 01:00:20.114976', '2018-03-16 18:31:22.317000', '70', '1', '8', 'story/images/2018/01/2_d5LZJds.png');
INSERT INTO `oce_story` VALUES ('21', '招聘公告2018年1月24日', 'zhao-pin-gong-gao-2018nian-1yue-24ri', '<p style=\"padding: 0px; text-align: justify; color: rgb(85, 85, 85); font-family: &quot;Microsoft Yahei&quot;; font-size: 14px; margin-top: 0px; margin-bottom: 0px; white-space: normal;\"><span style=\"color: rgb(0, 0, 0); line-height: 2; font-family: &quot;Microsoft YaHei&quot;;\"><br/></span></p><p style=\"text-indent: 28px;\"><span style=\"background: white;\"><span style=\"font-family: 等线;\">武汉六博光电技术有限责任公司（简称“六博光电”）为珞珈创谷第一批入孵企业，由毕业于武汉大学的六位博士创建，专注于激光通信产品的研发、生产与销售。</span></span></p><p style=\"text-indent: 28px;\"><span style=\"background: white;\"><span style=\"font-family: 等线;\">六博光电的主要技术和研发人员均来自于武汉大学电子信息学院激光通信实验室，该实验室成立于2000年，是我国最早专门从事激光通信技术研究机构之一，取得多项国内领先水平科研成果。</span></span></p><p style=\"text-indent: 28px;\"><span style=\"background: white;\"><span style=\"font-family: 等线;\">六博光电2017年5月成立至今，已完成种子轮融资，正处于飞速发展阶段。</span></span></p><p style=\"text-indent: 28px;\"><span style=\"background: white;\"><span style=\"font-family: 等线;\">珞珈创谷，全称“知卓众创 珞珈创谷”，是依托于武汉大学校友企业家联谊会等华中地区顶级校友企业家资源，及珞珈创新天使基金、知卓资本、海天会等国内外顶级创投机构而设立的聚焦科技成果转化的科技企业创孵中心。</span></span></p><p style=\"text-indent: 28px;\"><span style=\"background: white;\"><span style=\"font-family: 等线;\">珞珈创谷一期总部位于武昌区科创大厦顶层（武大西门对面），二期位于街道口旁学府鑫苑办公楼，占据城市核心地段，背靠百年名校武汉大学，现有空间面积近5000㎡。另有洪山区、光谷、荆州、咸宁等多个分站基地正在筹备建设中。</span></span></p><p><span style=\"background: white; font-family: 宋体; font-size: 16px;\">&nbsp;</span></p><p><span style=\"background: white; font-family: 宋体; font-size: 16px;\">岗位一：伺服转台研发工程师2人）</span></p><p><span style=\"background: white; font-family: 宋体;\">&nbsp;</span></p><p><span style=\"background: white; font-family: 宋体;\">岗位职责：</span></p><p><span style=\"background: white; font-family: 宋体;\">1</span><span style=\"background: white; font-family: 宋体;\">、负责光电产品中两轴常平架转台、两轴四框架转台、潜望周扫视式转台的机械设计、机电设计和性能测试；</span></p><p><span style=\"background: white; font-family: 宋体;\">2</span><span style=\"background: white; font-family: 宋体;\">、生产测试过程中相关疑难问题的解决，调试等；</span></p><p><span style=\"background: white; font-family: 宋体;\">3</span><span style=\"background: white; font-family: 宋体;\">、协调制造、装配、测试及售后；</span></p><p><span style=\"background: white; font-family: 宋体;\">4</span><span style=\"background: white; font-family: 宋体;\">、能够编制说明书、测试报告及专利文档。</span></p><p><span style=\"background: white; font-family: 宋体;\">&nbsp;</span></p><p><span style=\"background: white; font-family: 宋体;\">任职要求：</span></p><p><span style=\"background: white; font-family: 宋体;\">1</span><span style=\"background: white; font-family: 宋体;\">、拥有精密机械设计、自动控制技术、电力电子技术、机电工程技术、光电跟踪技术等专业背景；</span></p><p><span style=\"background: white; font-family: 宋体;\">2</span><span style=\"background: white; font-family: 宋体;\">、硕士毕业生，含重点院校优秀本科生；</span></p><p><span style=\"font-family: 宋体;\">3</span><span style=\"font-family: 宋体;\">、具有</span><span style=\"font-family: 宋体;\">较强</span><span style=\"font-family: 宋体;\">的</span><span style=\"font-family: 宋体;\">调查</span><span style=\"font-family: 宋体;\">研究、</span><span style=\"font-family: 宋体;\">综</span><span style=\"font-family: 宋体;\">合分析</span><span style=\"font-family: 宋体;\">问题</span><span style=\"font-family: 宋体;\">、解决</span><span style=\"font-family: 宋体;\">问题</span><span style=\"font-family: 宋体;\">能力；</span></p><p><span style=\"font-family: 宋体;\">4</span><span style=\"font-family: 宋体;\">、</span><span style=\"font-family: 宋体;\">有</span><span style=\"font-family: 宋体;\">较</span><span style=\"font-family: 宋体;\">好的科研潜力，</span><span style=\"font-family: 宋体;\">创</span><span style=\"font-family: 宋体;\">新能力</span><span style=\"font-family: 宋体;\">较强</span><span style=\"font-family: 宋体;\">，科研</span><span style=\"font-family: 宋体;\">协</span><span style=\"font-family: 宋体;\">作精神</span><span style=\"font-family: 宋体;\">强</span><span style=\"font-family: 宋体;\">。</span></p><p><span style=\"background: white; font-family: 宋体;\">&nbsp;</span></p><p><span style=\"background: white; font-family: 宋体;\">&nbsp;</span></p><p><span style=\"background: white; font-family: 宋体; font-size: 16px;\">岗位二：APT技术研发工程师（2人）</span></p><p><span style=\"background: white; font-family: 宋体;\">&nbsp;</span></p><p><span style=\"background: white; font-family: 宋体;\">岗位职责：</span></p><p><span style=\"background: white; font-family: 宋体;\">1</span><span style=\"background: white; font-family: 宋体;\">、负责光电产品中光电成像跟踪、视频信号处理、先进控制技术、非机械式光束伺服技术等的实现与改进，主要包括可行性调研、方案设计、算法开发、仿真设计、电路设计、嵌入式底层软件编写、产品调测试、设计文件编写等；</span></p><p><span style=\"background: white; font-family: 宋体;\">2</span><span style=\"background: white; font-family: 宋体;\">、生产测试过程中相关疑难问题的解决，调试等；</span></p><p><span style=\"background: white; font-family: 宋体;\">3</span><span style=\"background: white; font-family: 宋体;\">、协调制造、装配、测试及售后；</span></p><p><span style=\"background: white; font-family: 宋体;\">4</span><span style=\"background: white; font-family: 宋体;\">、能够编制说明书、测试报告及专利文档。</span></p><p><span style=\"background: white; font-family: 宋体;\">&nbsp;</span></p><p><span style=\"background: white; font-family: 宋体;\">任职要求：</span></p><p><span style=\"background: white; font-family: 宋体;\">1</span><span style=\"background: white; font-family: 宋体;\">、拥有光学工程、信息与通信工程等专业背景；</span></p><p><span style=\"background: white; font-family: 宋体;\">2</span><span style=\"background: white; font-family: 宋体;\">、硕士毕业生，含重点院校优秀本科生；</span></p><p><span style=\"font-family: 宋体;\">3</span><span style=\"font-family: 宋体;\">、具有</span><span style=\"font-family: 宋体;\">较强</span><span style=\"font-family: 宋体;\">的</span><span style=\"font-family: 宋体;\">调查</span><span style=\"font-family: 宋体;\">研究、</span><span style=\"font-family: 宋体;\">综</span><span style=\"font-family: 宋体;\">合分析</span><span style=\"font-family: 宋体;\">问题</span><span style=\"font-family: 宋体;\">、解决</span><span style=\"font-family: 宋体;\">问题</span><span style=\"font-family: 宋体;\">能力；</span></p><p><span style=\"font-family: 宋体;\">4</span><span style=\"font-family: 宋体;\">、</span><span style=\"font-family: 宋体;\">有</span><span style=\"font-family: 宋体;\">较</span><span style=\"font-family: 宋体;\">好的科研潜力，</span><span style=\"font-family: 宋体;\">创</span><span style=\"font-family: 宋体;\">新能力</span><span style=\"font-family: 宋体;\">较强</span><span style=\"font-family: 宋体;\">，科研</span><span style=\"font-family: 宋体;\">协</span><span style=\"font-family: 宋体;\">作精神</span><span style=\"font-family: 宋体;\">强</span><span style=\"font-family: 宋体;\">。</span></p><p><span style=\"background: white; font-family: 宋体;\">&nbsp;</span></p><p><span style=\"background: white; font-family: 宋体;\">&nbsp;</span></p><p><span style=\"background: white; font-family: 宋体; font-size: 16px;\">岗位三：空间光通信系统总体研发工程师（2人）</span></p><p><span style=\"background: white; font-family: 宋体;\">&nbsp;</span></p><p><span style=\"background: white; font-family: 宋体;\">岗位职责：</span></p><p><span style=\"background: white; font-family: 宋体;\">1</span><span style=\"background: white; font-family: 宋体;\">、负责空间激光通信系列产品总体设计，协调各分系统完成总体布局设计；</span></p><p><span style=\"background: white; font-family: 宋体;\">2</span><span style=\"background: white; font-family: 宋体;\">、负责光电产品中新原理、新器件、新工艺研究，以及空间激光通信应用及组网技术等；</span></p><p><span style=\"background: white; font-family: 宋体;\">3</span><span style=\"background: white; font-family: 宋体;\">、负责完成研制任务书、总体技术要求、总体技术方案等文件；</span></p><p><span style=\"background: white; font-family: 宋体;\">4</span><span style=\"background: white; font-family: 宋体;\">、协调制造、装配、测试及售后；</span></p><p><span style=\"background: white; font-family: 宋体;\">5</span><span style=\"background: white; font-family: 宋体;\">、能够编制说明书、测试报告及专利文档。</span></p><p><span style=\"background: white; font-family: 宋体;\">&nbsp;</span></p><p><span style=\"background: white; font-family: 宋体;\">任职要求：</span></p><p><span style=\"background: white; font-family: 宋体;\">1</span><span style=\"background: white; font-family: 宋体;\">、拥有精密机械设计、自动控制技术、电力电子技术、机电工程技术、光电跟踪技术等专业背景；</span></p><p><span style=\"background: white; font-family: 宋体;\">2</span><span style=\"background: white; font-family: 宋体;\">、从事过空间激光通信系统研究者优先；</span></p><p><span style=\"background: white; font-family: 宋体;\">3</span><span style=\"background: white; font-family: 宋体;\">、硕士毕业生，含重点院校优秀本科生；</span></p><p><span style=\"font-family: 宋体;\">4</span><span style=\"font-family: 宋体;\">、具有</span><span style=\"font-family: 宋体;\">较强</span><span style=\"font-family: 宋体;\">的</span><span style=\"font-family: 宋体;\">调查</span><span style=\"font-family: 宋体;\">研究、</span><span style=\"font-family: 宋体;\">综</span><span style=\"font-family: 宋体;\">合分析</span><span style=\"font-family: 宋体;\">问题</span><span style=\"font-family: 宋体;\">、解决</span><span style=\"font-family: 宋体;\">问题</span><span style=\"font-family: 宋体;\">能力；</span></p><p><span style=\"font-family: 宋体;\">5</span><span style=\"font-family: 宋体;\">、</span><span style=\"font-family: 宋体;\">有</span><span style=\"font-family: 宋体;\">较</span><span style=\"font-family: 宋体;\">好的科研潜力，</span><span style=\"font-family: 宋体;\">创</span><span style=\"font-family: 宋体;\">新能力</span><span style=\"font-family: 宋体;\">较强</span><span style=\"font-family: 宋体;\">，科研</span><span style=\"font-family: 宋体;\">协</span><span style=\"font-family: 宋体;\">作精神</span><span style=\"font-family: 宋体;\">强</span><span style=\"font-family: 宋体;\">。</span></p><p><span style=\"background: white; font-family: 宋体;\">&nbsp;</span></p><p><span style=\"background: white; font-family: 宋体;\">&nbsp;</span></p><p><span style=\"background: white; font-family: 宋体;\">专业：电子/半导体/仪表仪器 激光/光电子技术</span></p><p><span style=\"background: white; font-family: 宋体;\">&nbsp;</span></p><p><span style=\"background: white; font-family: 宋体;\">联系人：赵经理15107147291（同微信号）吴经理18507149039（同微信号）</span></p><p style=\"padding: 0px; text-align: justify; color: rgb(85, 85, 85); font-family: &quot;Microsoft Yahei&quot;; font-size: 14px; margin-top: 0px; margin-bottom: 0px; white-space: normal;\"><span style=\"color: rgb(0, 0, 0); line-height: 2; font-family: &quot;Microsoft YaHei&quot;;\"><br/></span></p><p><br/></p>', '3', '2018-01-15 01:06:12.133524', '2018-03-17 15:20:45.511310', '52', '1', '17', 'story/images/2018/01/2_VuI3nq0.png');
INSERT INTO `oce_story` VALUES ('22', '国内首台WDM激光通信机系统', 'guo-nei-shou-tai-wdmji-guang-tong-xin-ji-xi-tong', '<p style=\"text-align: center\"><br/></p><p><br/></p><p><br/></p><p><br/></p><p style=\"text-align: center\"><img src=\"/media/story/images/11_20180115011252_566.jpg\" alt=\"11.jpg\" width=\"464\" height=\"284\" style=\"width: 464px; height: 284px;\"/></p><p><br/></p><section class=\"\" powered-by=\"xiumi.us\" style=\"margin: 0px; padding: 0px; max-width: 100%; box-sizing: border-box; color: rgb(62, 62, 62); font-family: &quot;Helvetica Neue&quot;, Helvetica, &quot;Hiragino Sans GB&quot;, &quot;Microsoft YaHei&quot;, Arial, sans-serif; white-space: normal; background-color: rgb(255, 255, 255); word-wrap: break-word !important;\"><section class=\"\" style=\"margin: 0px; padding: 0px; max-width: 100%; box-sizing: border-box; word-wrap: break-word !important;\"><section class=\"\" style=\"margin: 0px; padding: 0px; max-width: 100%; box-sizing: border-box; word-wrap: break-word !important; line-height: 1.4; font-size: 18px; letter-spacing: 2px;\"><p style=\"margin-top: 0px; margin-bottom: 0px; padding: 0px; max-width: 100%; box-sizing: border-box; clear: both; min-height: 1em; word-wrap: break-word !important;\"><span style=\"margin: 0px; padding: 0px; max-width: 100%; box-sizing: border-box !important; word-wrap: break-word !important; color: rgb(0, 0, 0);\"><strong style=\"margin: 0px; padding: 0px; max-width: 100%; box-sizing: border-box; word-wrap: break-word !important;\">2008年6月</strong></span></p></section></section></section><p><section class=\"\" powered-by=\"xiumi.us\" style=\"margin: 0px; padding: 0px; max-width: 100%; box-sizing: border-box; color: rgb(62, 62, 62); font-family: &quot;Helvetica Neue&quot;, Helvetica, &quot;Hiragino Sans GB&quot;, &quot;Microsoft YaHei&quot;, Arial, sans-serif; white-space: normal; background-color: rgb(255, 255, 255); word-wrap: break-word !important;\"><section class=\"\" style=\"margin: 0px; padding: 0px; max-width: 100%; box-sizing: border-box; word-wrap: break-word !important;\"><section class=\"\" style=\"margin: 0px; padding: 0px; max-width: 100%; box-sizing: border-box; word-wrap: break-word !important; text-align: justify; color: rgb(7, 7, 7);\"><p style=\"margin-top: 0px; margin-bottom: 0px; padding: 0px; max-width: 100%; box-sizing: border-box; clear: both; min-height: 1em; word-wrap: break-word !important;\">研制出<strong style=\"margin: 0px; padding: 0px; max-width: 100%; box-sizing: border-box; word-wrap: break-word !important;\"><span style=\"margin: 0px; padding: 0px; max-width: 100%; box-sizing: border-box; word-wrap: break-word !important; font-size: 18px; color: rgb(246, 43, 9);\">国内首台</span></strong>WDM激光通信机系统，完成了2.5Gbps速率16km距离空间激光通信实验。</p></section></section></section></p><p><br/></p>', '3', '2018-01-15 01:13:06.461368', '2018-02-22 11:49:07.752496', '12', '1', '11', 'story/images/2018/01/11.jpg');
INSERT INTO `oce_story` VALUES ('24', '高速机载激光通信工程机', 'gao-su-ji-zai-ji-guang-tong-xin-gong-cheng-ji', '<p>2014年12月,研制出高速机载激光通信工程样机，交付用户。</p><p><br/></p><p><br/></p><p><br/></p><p style=\"text-align:center\"><img src=\"/media/story/images/13_20180115011612_864.jpg\" alt=\"13.jpg\" width=\"367\" height=\"330\" style=\"width: 367px; height: 330px;\"/></p><section class=\"\" powered-by=\"xiumi.us\" style=\"margin: 0px; padding: 0px; max-width: 100%; box-sizing: border-box; color: rgb(62, 62, 62); font-family: &quot;Helvetica Neue&quot;, Helvetica, &quot;Hiragino Sans GB&quot;, &quot;Microsoft YaHei&quot;, Arial, sans-serif; white-space: normal; background-color: rgb(255, 255, 255); word-wrap: break-word !important;\"><section class=\"\" style=\"margin: 0px; padding: 0px; max-width: 100%; box-sizing: border-box; word-wrap: break-word !important;\"><section class=\"\" style=\"margin: 0px; padding: 0px; max-width: 100%; box-sizing: border-box; word-wrap: break-word !important; line-height: 1.4; font-size: 18px; letter-spacing: 2px; color: rgb(7, 7, 7);\"><p style=\"margin-top: 0px; margin-bottom: 0px; padding: 0px; max-width: 100%; box-sizing: border-box; clear: both; min-height: 1em; word-wrap: break-word !important;\"><br style=\"text-align: left;\"/></p></section></section></section><p><br style=\"text-align: left;\"/></p>', '3', '2018-01-15 01:16:46.294774', '2018-02-22 18:27:28.719029', '45', '1', '11', 'story/images/2018/01/13.jpg');
INSERT INTO `oce_story` VALUES ('25', '天宫二号星地激光通信实验圆满成功', 'tian-gong-er-hao-xing-di-ji-guang-tong-xin-shi-yan-yuan-man-cheng-gong', '<p style=\"text-align: left;\">&nbsp;&nbsp;&nbsp;&nbsp;天宫二号激光通信载荷以武汉大学、武汉六博光电技术有限责任公司共同研制完成，于2016年9月15日搭载天宫二号发射升空。天宫二号10月在完成载人交会对接等任务以后，2016年11月开始天地激光通信测试，2016年12月成功地与新疆南山光学地面接收机进行了多次高速激光通信试验，将天宫二号上多个科学载荷业务数据以1.6Gbps速率进行高质量下传。天宫二号在我国首次实现超Gbps速率的天地业务数据传输试验，创下我国卫星业务通信速率的新纪录。高速激光通信链路的建立，有效缓解了传统微波通信带宽不足的瓶颈问题，为我国后续空间站更高容量数据传输打下了坚实的基础。天宫二号激光通信端机目前运转正常，各项指标达到了国际先进水平。</p><p style=\"text-indent: 28px;\"><span style=\"text-indent: 21px;\"><span style=\"color: rgb(73, 68, 41); font-family: 宋体, SimSun; font-size: 14px;\">&nbsp;</span>天宫二号激光通信端机产品构成如图1所示，包括综合控制单元、激光通信控制电路主板与备板、光复用器（DWDM）单元、光功率放大（EDFA）单元、准直光学单元，全部按照航天要求研制。另外还专门研制了高性能地面通信接收机，构成天地高速激光通信回路。图2给出了2016年12月22日星地高速激光通信数据接收结果，图3给出了接收伽玛暴探测器数据的反演结果。</span></p><p style=\"TEXT-ALIGN: center\">&nbsp;</p><p style=\"text-align:center\"><img alt=\"33.jpg\" src=\"http://wh-fso.com/media/story/images/33_20180124180637_304.jpg\"/></p><p style=\"text-align: left;\"><span style=\"FONT-FAMILY: 宋体\"></span></p><p style=\"text-align: center;\"><span style=\"FONT-FAMILY: 宋体\">图1 天宫二号激光通信端机构成图</span></p><p><span style=\"FONT-FAMILY: 宋体\"></span>&nbsp;</p><p style=\"text-align:center\"><span style=\"FONT-FAMILY: 宋体\"><img alt=\"22.jpg\" src=\"http://wh-fso.com/media/story/images/22_20180124180525_398.jpg\"/></span></p><p style=\"text-align: center;\"><span style=\"FONT-FAMILY: 宋体\"></span>&nbsp;</p><p style=\"text-align: center;\"><span style=\"FONT-FAMILY: 宋体\">图2 2016年12月22日 星地高速激光通信实验结果</span></p><p><span style=\"FONT-FAMILY: 宋体\"></span>&nbsp;</p><p style=\"text-align:center\"><img style=\"WIDTH: 599px; HEIGHT: 245px\" alt=\"11.png\" src=\"http://wh-fso.com/media/story/images/11_20180124180237_900.png\" width=\"1465\" height=\"617\"/></p><p style=\"text-align: center;\"><span style=\"font-family: 宋体, SimSun;\">图3 2016年12月22日下传的伽玛暴探测器数据的反演结果</span></p><p><br style=\"text-align: left;\"/></p>', '3', '2018-01-24 18:12:18.126580', '2018-03-17 14:40:00.255697', '65', '1', '14', 'story/images/2018/01/33.jpg');
INSERT INTO `oce_story` VALUES ('26', '轻便式激光通信机', 'qing-bian-shi-ji-guang-tong-xin-ji', '<p style=\"text-align:center\"><br/></p><p style=\"text-align: center;\"><span style=\"font-family:&#39;微软雅黑&#39;,sans-serif\">设备型号：</span>LB-125M15</p><p><br/></p><p style=\"text-align:center\"><img src=\"/media/story/images/LB-125M15_20180126193924_794.jpg\" alt=\"LB-125M15.jpg\" width=\"554\" height=\"474\" style=\"width: 554px; height: 474px;\"/></p><p><br/></p><p><br/></p><p><strong><span style=\"font-family:&#39;微软雅黑&#39;,sans-serif\">产品功能</span></strong></p><p><span style=\"font-family:&#39;微软雅黑&#39;,sans-serif\">六博</span>1550<span style=\"font-family:&#39;微软雅黑&#39;,sans-serif\">波长</span>125M<span style=\"font-family:&#39;微软雅黑&#39;,sans-serif\">速率中距离便携式激光通信系统空间光通信机</span>.</p><p>a. <span style=\"font-family:&#39;微软雅黑&#39;,sans-serif\">信号激光输出、输入；</span></p><p>b. <span style=\"font-family:&#39;微软雅黑&#39;,sans-serif\">信标激光输出；</span></p><p>c. CCD<span style=\"font-family:&#39;微软雅黑&#39;,sans-serif\">信号输入；</span></p><p>d. CCD<span style=\"font-family:&#39;微软雅黑&#39;,sans-serif\">图像转</span>AV<span style=\"font-family:&#39;微软雅黑&#39;,sans-serif\">视频接口输出；</span></p><p>e.<span style=\"font-family:&#39;微软雅黑&#39;,sans-serif\">以太网口</span>1<span style=\"font-family:&#39;微软雅黑&#39;,sans-serif\">和</span>2<span style=\"font-family:&#39;微软雅黑&#39;,sans-serif\">可接摄像机做显示输入、也可以接互联网做外网输入，以太网口</span>3<span style=\"font-family:&#39;微软雅黑&#39;,sans-serif\">和</span>4<span style=\"font-family:&#39;微软雅黑&#39;,sans-serif\">可以做显示图像输出和网络接收端。；</span></p><p>&nbsp;</p><p><span style=\"font-family:&#39;微软雅黑&#39;,sans-serif\">主要技术参数：</span></p><p>1<span style=\"font-family:&#39;微软雅黑&#39;,sans-serif\">）网络接口参数</span></p><p><span style=\"font-family:&#39;微软雅黑&#39;,sans-serif\">工作模式：</span>10/100/1000Base-TX<span style=\"font-family:&#39;微软雅黑&#39;,sans-serif\">，半双工</span>/<span style=\"font-family:&#39;微软雅黑&#39;,sans-serif\">全双工</span>/<span style=\"font-family:&#39;微软雅黑&#39;,sans-serif\">自协商</span></p><p><span style=\"font-family:&#39;微软雅黑&#39;,sans-serif\">传输速率：</span>100Mbps</p><p>2<span style=\"font-family:&#39;微软雅黑&#39;,sans-serif\">）光学指标</span></p><p><span style=\"font-family:&#39;微软雅黑&#39;,sans-serif\">发光波长：</span>1550nm</p><p><span style=\"font-family:&#39;微软雅黑&#39;,sans-serif\">发射速率：</span>125Mb/s</p><p><span style=\"font-family:&#39;微软雅黑&#39;,sans-serif\">平均发送光功率：≥</span>-12dBm</p><p><span style=\"font-family:&#39;微软雅黑&#39;,sans-serif\">通信模式：双向（全双工）；</span></p><p><span style=\"font-family:&#39;微软雅黑&#39;,sans-serif\">通信内容：视频、语音、数据、网络。</span></p><p>3<span style=\"font-family:&#39;微软雅黑&#39;,sans-serif\">）其他参数</span></p><p><span style=\"font-family:&#39;微软雅黑&#39;,sans-serif\">电源输入：</span>AC220V<span style=\"font-family:&#39;微软雅黑&#39;,sans-serif\">±</span>10%</p><p><span style=\"font-family:&#39;微软雅黑&#39;,sans-serif\">重量：</span>10kg<span style=\"font-family:&#39;微软雅黑&#39;,sans-serif\">；</span></p><p><span style=\"font-family:&#39;微软雅黑&#39;,sans-serif\">功耗：≤</span>60W<span style=\"font-family:&#39;微软雅黑&#39;,sans-serif\">。</span></p><p><br/></p>', '3', '2018-01-26 19:40:39.916997', '2018-02-22 11:49:09.089760', '345', '1', '11', 'story/images/2018/01/LB-125M15.jpg');
INSERT INTO `oce_story` VALUES ('27', '便携式激光通信系统', 'bian-xi-shi-ji-guang-tong-xin-xi-tong', '<p style=\"text-align:center\"><br/></p><p style=\"text-align: center;\"><span style=\"font-family:&#39;微软雅黑&#39;,sans-serif\">设备型号：</span>LB-100-15-1250M</p><p><br/></p><p>&nbsp;</p><p style=\"text-align:center\"><img src=\"/media/story/images/LB-100-15-1250M_20180126195419_764.jpg\" alt=\"LB-100-15-1250M.jpg\" width=\"565\" height=\"782\" style=\"width: 565px; height: 782px;\"/></p><p><strong><span style=\"font-family:&#39;微软雅黑&#39;,sans-serif\"><br/></span></strong></p><p><strong><span style=\"font-family:&#39;微软雅黑&#39;,sans-serif\">产品功能</span></strong></p><p>100<span style=\"font-family:&#39;微软雅黑&#39;,sans-serif\">口径</span>1550<span style=\"font-family:&#39;微软雅黑&#39;,sans-serif\">波长</span>1.25G<span style=\"font-family:&#39;微软雅黑&#39;,sans-serif\">速率中距离便携式激光通信系统</span>.</p><p>a. <span style=\"font-family:&#39;微软雅黑&#39;,sans-serif\">手动调节光学捕获，对准；</span></p><p>b. <span style=\"font-family:&#39;微软雅黑&#39;,sans-serif\">内置监测</span>CCD<span style=\"font-family:&#39;微软雅黑&#39;,sans-serif\">，便于目标对准；</span></p><p>c. <span style=\"font-family:&#39;微软雅黑&#39;,sans-serif\">双波束发射；</span></p><p>d. <span style=\"font-family:&#39;微软雅黑&#39;,sans-serif\">快速机动架设，适合野外临时通信；</span></p><p>&nbsp;</p><p><span style=\"font-family:&#39;微软雅黑&#39;,sans-serif\">主要技术参数：</span></p><p>1<span style=\"font-family:&#39;微软雅黑&#39;,sans-serif\">）发射性能指标</span></p><p><span style=\"font-family:&#39;微软雅黑&#39;,sans-serif\">通信波长：</span>1530~1550nm</p><p><span style=\"font-family:&#39;微软雅黑&#39;,sans-serif\">发射速率：</span>1.25Gb/s<span style=\"font-family:&#39;微软雅黑&#39;,sans-serif\">；</span></p><p><span style=\"font-family:&#39;微软雅黑&#39;,sans-serif\">信号发射光功率：</span>0.2W~1W<span style=\"font-family:&#39;微软雅黑&#39;,sans-serif\">；</span></p><p><span style=\"font-family:&#39;微软雅黑&#39;,sans-serif\">通信距离：</span>1km~2km<span style=\"font-family:&#39;微软雅黑&#39;,sans-serif\">；</span></p><p><span style=\"font-family:&#39;微软雅黑&#39;,sans-serif\">通信模式：双向（全双工）；</span></p><p><span style=\"font-family:&#39;微软雅黑&#39;,sans-serif\">通信内容：视频、语音、数据、网络。</span></p><p><span style=\"font-family:&#39;微软雅黑&#39;,sans-serif\">光学接收口径：</span>100mm<span style=\"font-family:&#39;微软雅黑&#39;,sans-serif\">（收发一体）；</span></p><p><span style=\"font-family:&#39;微软雅黑&#39;,sans-serif\">接收视场：</span>8mrad<span style=\"font-family:&#39;微软雅黑&#39;,sans-serif\">；</span></p><p><span style=\"font-family:&#39;微软雅黑&#39;,sans-serif\">角度范围：方位：</span>360<span style=\"font-family:&#39;微软雅黑&#39;,sans-serif\">°</span>;<span style=\"font-family:&#39;微软雅黑&#39;,sans-serif\">俯仰：</span>+/-70<span style=\"font-family:&#39;微软雅黑&#39;,sans-serif\">°；</span></p><p><span style=\"font-family:&#39;微软雅黑&#39;,sans-serif\">手调精度：</span>10urad<span style=\"font-family:&#39;微软雅黑&#39;,sans-serif\">；</span></p><p><span style=\"font-family:&#39;微软雅黑&#39;,sans-serif\">重量（不含三角架）：</span> 3kg<span style=\"font-family:&#39;微软雅黑&#39;,sans-serif\">；</span></p><p><span style=\"font-family:&#39;微软雅黑&#39;,sans-serif\">功耗：</span>20W<span style=\"font-family:&#39;微软雅黑&#39;,sans-serif\">。</span></p><p><br/></p>', '3', '2018-01-26 19:55:40.352032', '2018-03-17 15:12:15.646537', '65', '1', '11', 'story/images/2018/01/LB-100-15-1250M.jpg');
INSERT INTO `oce_story` VALUES ('28', '大口径GPS辅助跟瞄激光通信系统', 'da-kou-jing-gpsfu-zhu-gen-miao-ji-guang-tong-xin-xi-tong', '<p><span style=\"font-family:&#39;微软雅黑&#39;,sans-serif\"><br/></span></p><p style=\"text-align: center;\"><span style=\"font-family:&#39;微软雅黑&#39;,sans-serif\">设备型号：</span>LB-GA250-15-2500L</p><p>&nbsp;</p><p><br/></p><p style=\"text-align:center\"><img src=\"/media/story/images/LB-GA250-15-2500L_20180127014931_595.jpg\" alt=\"LB-GA250-15-2500L.jpg\" width=\"411\" height=\"493\" style=\"width: 411px; height: 493px;\"/></p><p><strong><span style=\"font-family:&#39;微软雅黑&#39;,sans-serif\">产品功能</span></strong></p><p>GPS<span style=\"font-family:&#39;微软雅黑&#39;,sans-serif\">辅助跟瞄</span>250<span style=\"font-family:&#39;微软雅黑&#39;,sans-serif\">口径</span>1550<span style=\"font-family:&#39;微软雅黑&#39;,sans-serif\">波长</span>2.5G<span style=\"font-family:&#39;微软雅黑&#39;,sans-serif\">速率远距离空间激光通信系统。</span></p><p>a. <span style=\"font-family:&#39;微软雅黑&#39;,sans-serif\">高速空间激光通信；</span></p><p>b. GPS<span style=\"font-family:&#39;微软雅黑&#39;,sans-serif\">辅助自动光学捕获，对准，跟踪（</span>APT((Acquisition,Pointing and Tracking)<span style=\"font-family:&#39;微软雅黑&#39;,sans-serif\">，（捕获，对准，跟踪））；</span></p><p>c. <span style=\"font-family:&#39;微软雅黑&#39;,sans-serif\">有独立的供配电；</span></p><p>d. <span style=\"font-family:&#39;微软雅黑&#39;,sans-serif\">关键模块或单元工作状态监测；</span></p><p>e. <span style=\"font-family:&#39;微软雅黑&#39;,sans-serif\">终端支持</span>WDM<span style=\"font-family:&#39;微软雅黑&#39;,sans-serif\">信道复用</span>/<span style=\"font-family:&#39;微软雅黑&#39;,sans-serif\">解复用，可扩展到</span>5-10Gbps<span style=\"font-family: &#39;微软雅黑&#39;,sans-serif\">速率；</span></p><p>&nbsp;</p><p><span style=\"font-family:&#39;微软雅黑&#39;,sans-serif\">主要技术参数：</span></p><p>1<span style=\"font-family:&#39;微软雅黑&#39;,sans-serif\">）发射性能指标</span></p><p><span style=\"font-family:&#39;微软雅黑&#39;,sans-serif\">通信波长：</span>1530~1550nm</p><p><span style=\"font-family:&#39;微软雅黑&#39;,sans-serif\">发射速率：</span>2.5Gb/s<span style=\"font-family:&#39;微软雅黑&#39;,sans-serif\">；</span></p><p><span style=\"font-family:&#39;微软雅黑&#39;,sans-serif\">信号发射光功率：</span>0.2W~2W<span style=\"font-family:&#39;微软雅黑&#39;,sans-serif\">；</span></p><p><span style=\"font-family:&#39;微软雅黑&#39;,sans-serif\">通信距离：</span>1km~40km<span style=\"font-family:&#39;微软雅黑&#39;,sans-serif\">；</span></p><p><span style=\"font-family:&#39;微软雅黑&#39;,sans-serif\">通信模式：双向（全双工）；</span></p><p><span style=\"font-family:&#39;微软雅黑&#39;,sans-serif\">通信内容：视频、语音、数据、网络。</span></p><p><span style=\"font-family:&#39;微软雅黑&#39;,sans-serif\">重量：</span>30kg<span style=\"font-family:&#39;微软雅黑&#39;,sans-serif\">；</span></p><p><span style=\"font-family:&#39;微软雅黑&#39;,sans-serif\">功耗：</span>80W<span style=\"font-family:&#39;微软雅黑&#39;,sans-serif\">。</span></p><p>&nbsp;</p><p>&nbsp;</p><p>2<span style=\"font-family:&#39;微软雅黑&#39;,sans-serif\">）</span>ATP<span style=\"font-family:&#39;微软雅黑&#39;,sans-serif\">性能指标</span></p><p><span style=\"font-family:&#39;微软雅黑&#39;,sans-serif\">光学接收口径：</span>250mm<span style=\"font-family:&#39;微软雅黑&#39;,sans-serif\">（收发一体）；</span></p><p><span style=\"font-family:&#39;微软雅黑&#39;,sans-serif\">接收视场：</span>6mrad<span style=\"font-family:&#39;微软雅黑&#39;,sans-serif\">；</span></p><p><span style=\"font-family:&#39;微软雅黑&#39;,sans-serif\">跟踪范围：方位：</span>360<span style=\"font-family:&#39;微软雅黑&#39;,sans-serif\">°</span>;<span style=\"font-family:&#39;微软雅黑&#39;,sans-serif\">俯仰：</span>+/-70<span style=\"font-family:&#39;微软雅黑&#39;,sans-serif\">°；</span></p><p><span style=\"font-family:&#39;微软雅黑&#39;,sans-serif\">最大跟踪角速度：</span>20<span style=\"font-family:&#39;微软雅黑&#39;,sans-serif\">°</span>/s<span style=\"font-family:&#39;微软雅黑&#39;,sans-serif\">；</span></p><p><span style=\"font-family:&#39;微软雅黑&#39;,sans-serif\">最大跟踪角加速度：</span>30<span style=\"font-family:&#39;微软雅黑&#39;,sans-serif\">°</span>/s2<span style=\"font-family:&#39;微软雅黑&#39;,sans-serif\">；</span></p><p><span style=\"font-family:&#39;微软雅黑&#39;,sans-serif\">跟踪精度：</span>5urad<span style=\"font-family:&#39;微软雅黑&#39;,sans-serif\">；</span></p><p><span style=\"font-family:&#39;微软雅黑&#39;,sans-serif\">目标捕获：自动；</span></p><p><span style=\"font-family:&#39;微软雅黑&#39;,sans-serif\">目标捕获时间：</span>&lt;15s<span style=\"font-family:&#39;微软雅黑&#39;,sans-serif\">；</span></p><p><span style=\"font-family:&#39;微软雅黑&#39;,sans-serif\">目标重捕时间：</span>&lt;15s<span style=\"font-family:&#39;微软雅黑&#39;,sans-serif\">；</span></p><p><br/></p>', '3', '2018-01-27 01:50:13.114101', '2018-03-17 15:12:34.057735', '57', '1', '11', 'story/images/2018/01/LB-GA250-15-2500L.jpg');
INSERT INTO `oce_story` VALUES ('29', '激光网桥', 'ji-guang-wang-qiao', '<p><span style=\"font-family:&#39;微软雅黑&#39;,sans-serif\"><br/></span></p><p style=\"text-align: center;\"><span style=\"font-family:&#39;微软雅黑&#39;,sans-serif\">设备型号：</span>LB-JWQ100-15-2500M</p><p><br/></p><p>&nbsp;</p><p style=\"text-align:center\"><img src=\"/media/story/images/LB-JWQ100-15-2500M_20180127015118_380.jpg\" alt=\"LB-JWQ100-15-2500M.jpg\" width=\"645\" height=\"324\" style=\"width: 645px; height: 324px;\"/></p><p>&nbsp;</p><p><strong><span style=\"font-family:&#39;微软雅黑&#39;,sans-serif\">产品功能</span></strong></p><p><span style=\"font-family:&#39;微软雅黑&#39;,sans-serif\">无线激光网桥系统可以在两点或多点之间快速架设高速移动局域网，实现多点间手机、电话、电脑、视频等数据的宽带接入和互通。如果没有公网，可以实现多点局域网内手机、电话、电脑、视频等数据的互通。</span></p><p>a. <span style=\"font-family:&#39;微软雅黑&#39;,sans-serif\">手动调节光学捕获，对准；</span></p><p>b. <span style=\"font-family:&#39;微软雅黑&#39;,sans-serif\">内置监测</span>CCD<span style=\"font-family:&#39;微软雅黑&#39;,sans-serif\">，便于目标对准；</span></p><p>c. <span style=\"font-family:&#39;微软雅黑&#39;,sans-serif\">双波束发射；</span></p><p>d. <span style=\"font-family:&#39;微软雅黑&#39;,sans-serif\">快速机动架设，适合野外临时通信；</span></p><p>&nbsp;</p><p><span style=\"font-family:&#39;微软雅黑&#39;,sans-serif\">主要技术参数：</span></p><p><span style=\"font-family:&#39;微软雅黑&#39;,sans-serif\">通信波长：</span>1530~1550nm</p><p><span style=\"font-family:&#39;微软雅黑&#39;,sans-serif\">发射速率：</span>2.5Gb/s<span style=\"font-family:&#39;微软雅黑&#39;,sans-serif\">；</span></p><p><span style=\"font-family:&#39;微软雅黑&#39;,sans-serif\">信号发射光功率：</span>0.2W~1W<span style=\"font-family:&#39;微软雅黑&#39;,sans-serif\">；</span></p><p><span style=\"font-family:&#39;微软雅黑&#39;,sans-serif\">通信距离：</span>1km~2km<span style=\"font-family:&#39;微软雅黑&#39;,sans-serif\">；</span></p><p><span style=\"font-family:&#39;微软雅黑&#39;,sans-serif\">通信模式：双向（全双工）；</span></p><p><span style=\"font-family:&#39;微软雅黑&#39;,sans-serif\">通信内容：视频、语音、数据、网络；</span></p><p>wifi<span style=\"font-family:&#39;微软雅黑&#39;,sans-serif\">带宽：</span>100M<span style=\"font-family:&#39;微软雅黑&#39;,sans-serif\">；</span></p><p><span style=\"font-family:&#39;微软雅黑&#39;,sans-serif\">光学接收口径：</span>100mm<span style=\"font-family:&#39;微软雅黑&#39;,sans-serif\">（收发一体）；</span></p><p><span style=\"font-family:&#39;微软雅黑&#39;,sans-serif\">接收视场：</span>8mrad<span style=\"font-family:&#39;微软雅黑&#39;,sans-serif\">；</span></p><p><span style=\"font-family:&#39;微软雅黑&#39;,sans-serif\">角度范围：方位：</span>360<span style=\"font-family:&#39;微软雅黑&#39;,sans-serif\">°</span>;<span style=\"font-family:&#39;微软雅黑&#39;,sans-serif\">俯仰：</span>+/-70<span style=\"font-family:&#39;微软雅黑&#39;,sans-serif\">°；</span></p><p><span style=\"font-family:&#39;微软雅黑&#39;,sans-serif\">手调精度：</span>10urad<span style=\"font-family:&#39;微软雅黑&#39;,sans-serif\">；</span></p><p><span style=\"font-family:&#39;微软雅黑&#39;,sans-serif\">重量（不含三角架）：</span> 2kg<span style=\"font-family:&#39;微软雅黑&#39;,sans-serif\">；</span></p><p><span style=\"font-family:&#39;微软雅黑&#39;,sans-serif\">功耗：</span>20W<span style=\"font-family:&#39;微软雅黑&#39;,sans-serif\">。</span></p><p><br/></p>', '3', '2018-01-27 01:51:38.039497', '2018-03-17 14:19:58.792000', '80', '1', '11', 'story/images/2018/01/LB-JWQ100-15-2500M.jpg');
INSERT INTO `oce_story` VALUES ('30', '潜望式GPS辅助跟瞄激光通信系统', 'qian-wang-shi-gpsfu-zhu-gen-miao-ji-guang-tong-xin-xi-tong', '<p><span style=\"font-family:&#39;微软雅黑&#39;,sans-serif\"><br/></span></p><p style=\"text-align: center;\"><span style=\"font-family:&#39;微软雅黑&#39;,sans-serif\">设备型号：</span>LB-QGA150-15-2500L</p><p><br/></p><p>&nbsp;</p><p style=\"text-align:center\"><img src=\"/media/story/images/LB-QGA150-15-2500L_20180127015300_679.jpg\" alt=\"LB-QGA150-15-2500L.jpg\" width=\"547\" height=\"935\" style=\"width: 547px; height: 935px;\"/></p><p>&nbsp;</p><p><strong><span style=\"font-family:&#39;微软雅黑&#39;,sans-serif\">产品功能</span></strong></p><p><span style=\"font-family:&#39;微软雅黑&#39;,sans-serif\">潜望式</span>GPS<span style=\"font-family:&#39;微软雅黑&#39;,sans-serif\">辅助跟瞄</span>150<span style=\"font-family:&#39;微软雅黑&#39;,sans-serif\">口径</span>1550<span style=\"font-family:&#39;微软雅黑&#39;,sans-serif\">波长</span>2.5G<span style=\"font-family:&#39;微软雅黑&#39;,sans-serif\">速率远距离激光通信系统</span></p><p>a. GPS<span style=\"font-family:&#39;微软雅黑&#39;,sans-serif\">辅助自动光学捕获，对准，跟踪（</span>APT((Acquisition,Pointing and Tracking)<span style=\"font-family:&#39;微软雅黑&#39;,sans-serif\">，（捕获，对准，跟踪））；</span></p><p>b. <span style=\"font-family:&#39;微软雅黑&#39;,sans-serif\">有独立的供配电；</span></p><p>c. <span style=\"font-family:&#39;微软雅黑&#39;,sans-serif\">关键模块或单元工作状态监测；</span></p><p>d. <span style=\"font-family:&#39;微软雅黑&#39;,sans-serif\">终端支持</span>WDM<span style=\"font-family:&#39;微软雅黑&#39;,sans-serif\">信道复用</span>/<span style=\"font-family:&#39;微软雅黑&#39;,sans-serif\">解复用；</span></p><p>&nbsp;</p><p><span style=\"font-family:&#39;微软雅黑&#39;,sans-serif\">主要技术参数：</span></p><p>1<span style=\"font-family:&#39;微软雅黑&#39;,sans-serif\">）发射性能指标</span></p><p><span style=\"font-family:&#39;微软雅黑&#39;,sans-serif\">通信波长：</span>1530~1550nm</p><p><span style=\"font-family:&#39;微软雅黑&#39;,sans-serif\">发射速率：</span>2.5Gb/s<span style=\"font-family:&#39;微软雅黑&#39;,sans-serif\">，支持扩展到</span>10G/s<span style=\"font-family: &#39;微软雅黑&#39;,sans-serif\">；</span></p><p><span style=\"font-family:&#39;微软雅黑&#39;,sans-serif\">信号发射光功率：</span>0.2W~1W<span style=\"font-family:&#39;微软雅黑&#39;,sans-serif\">；</span></p><p><span style=\"font-family:&#39;微软雅黑&#39;,sans-serif\">通信距离：</span>1km~20km<span style=\"font-family:&#39;微软雅黑&#39;,sans-serif\">；</span></p><p><span style=\"font-family:&#39;微软雅黑&#39;,sans-serif\">通信模式：双向（全双工）；</span></p><p><span style=\"font-family:&#39;微软雅黑&#39;,sans-serif\">通信内容：视频、语音、数据、网络。</span></p><p><span style=\"font-family:&#39;微软雅黑&#39;,sans-serif\">重量：</span> 25kg<span style=\"font-family:&#39;微软雅黑&#39;,sans-serif\">；</span></p><p><span style=\"font-family:&#39;微软雅黑&#39;,sans-serif\">功耗：</span>70W<span style=\"font-family:&#39;微软雅黑&#39;,sans-serif\">。</span></p><p>&nbsp;</p><p>2<span style=\"font-family:&#39;微软雅黑&#39;,sans-serif\">）</span>ATP<span style=\"font-family:&#39;微软雅黑&#39;,sans-serif\">性能指标</span></p><p><span style=\"font-family:&#39;微软雅黑&#39;,sans-serif\">光学接收口径：</span>120mm<span style=\"font-family:&#39;微软雅黑&#39;,sans-serif\">（收发一体）；</span></p><p><span style=\"font-family:&#39;微软雅黑&#39;,sans-serif\">接收视场：</span>6mrad<span style=\"font-family:&#39;微软雅黑&#39;,sans-serif\">；</span></p><p><span style=\"font-family:&#39;微软雅黑&#39;,sans-serif\">跟踪范围：方位：</span>360<span style=\"font-family:&#39;微软雅黑&#39;,sans-serif\">°</span>;<span style=\"font-family:&#39;微软雅黑&#39;,sans-serif\">俯仰：</span>+/-70<span style=\"font-family:&#39;微软雅黑&#39;,sans-serif\">°；</span></p><p><span style=\"font-family:&#39;微软雅黑&#39;,sans-serif\">最大跟踪角速度：</span>20<span style=\"font-family:&#39;微软雅黑&#39;,sans-serif\">°</span>/s<span style=\"font-family:&#39;微软雅黑&#39;,sans-serif\">；</span></p><p><span style=\"font-family:&#39;微软雅黑&#39;,sans-serif\">最大跟踪角加速度：</span>30<span style=\"font-family:&#39;微软雅黑&#39;,sans-serif\">°</span>/s2<span style=\"font-family:&#39;微软雅黑&#39;,sans-serif\">；</span></p><p><span style=\"font-family:&#39;微软雅黑&#39;,sans-serif\">跟踪精度：</span>10urad<span style=\"font-family:&#39;微软雅黑&#39;,sans-serif\">；</span></p><p><span style=\"font-family:&#39;微软雅黑&#39;,sans-serif\">目标捕获：自动；</span></p><p><span style=\"font-family:&#39;微软雅黑&#39;,sans-serif\">目标捕获时间：</span>&lt;15s<span style=\"font-family:&#39;微软雅黑&#39;,sans-serif\">；</span></p><p><span style=\"font-size:15px;font-family:&#39;微软雅黑&#39;,sans-serif\">目标重捕时间：</span><span style=\"font-size: 15px;font-family:&#39;Tahoma&#39;,sans-serif\">&lt;15s</span><span style=\"font-size:15px;font-family:&#39;微软雅黑&#39;,sans-serif\">；</span></p><p><br/></p>', '3', '2018-01-27 01:53:45.439261', '2018-03-17 15:12:11.459490', '102', '1', '11', 'story/images/2018/01/LB-QGA150-15-2500L.jpg');
INSERT INTO `oce_story` VALUES ('31', '合作伙伴', 'he-zuo-huo-ban', '<p style=\"text-align: center;\"><img src=\"/media/story/images/wh_20180127130351_173.jpg\" alt=\"wh.jpg\"/></p>', '3', '2018-01-27 13:04:00.182373', '2018-03-16 18:35:09.618000', '98', '1', '10', 'story/images/2018/01/wh.jpg');
INSERT INTO `oce_story` VALUES ('32', '国家发改委体改司视察六博光电', 'guo-jia-fa-gai-wei-ti-gai-si-shi-cha-liu-bo-guang-dian', '<p style=\"text-align: left;\">&nbsp;&nbsp;&nbsp;&nbsp;<span style=\"font-family: 宋体,SimSun; font-size: 20px;\">2017年11月1日，国家发改委体改司莅临武汉六博光电技术责任有限公司视察指导工作，并给与了高度评价！</span></p><p><br/></p><p>&nbsp;&nbsp;</p><p style=\"text-align:center\"><img src=\"/media/story/images/20171101fagaiwei6_20180317150639_875.jpg\" title=\"\" alt=\"20171101fagaiwei6.jpg\"/></p><p>&nbsp;&nbsp;&nbsp;&nbsp;&nbsp;&nbsp;&nbsp;&nbsp;&nbsp;&nbsp;&nbsp;&nbsp;&nbsp;&nbsp;&nbsp;&nbsp;&nbsp;&nbsp;&nbsp;&nbsp;&nbsp;&nbsp;&nbsp;&nbsp;</p><p>&nbsp;&nbsp;&nbsp;&nbsp;&nbsp;&nbsp;&nbsp;&nbsp;&nbsp;&nbsp;&nbsp;&nbsp;&nbsp;&nbsp;</p><p><br/></p><p><br/></p><p style=\"text-align:center\"><img src=\"/media/story/images/20171101fagaiwei_20180317150643_834.jpg\" title=\"\" alt=\"20171101fagaiwei.jpg\"/></p><p><br/></p><p><br/></p><p><br/></p><p><br/></p><p><br/></p><p><br/></p><p><br/></p>', '3', '2018-03-16 20:10:52.697000', '2018-03-17 15:16:47.302841', '550', '1', '22', 'story/images/2018/03/20171101fagaiwei.jpg');
INSERT INTO `oce_story` VALUES ('35', '湖北省知识产权管理局参观', 'hu-bei-sheng-zhi-shi-chan-quan-guan-li-ju-can-guan', '<p>&nbsp;&nbsp;&nbsp;&nbsp;&nbsp;&nbsp;&nbsp;&nbsp;&nbsp;&nbsp;</p><p style=\"text-align: left;\"><span style=\"font-family: 宋体,SimSun; font-size: 20px;\">&nbsp;&nbsp;&nbsp;&nbsp;2017年10月27日，湖北省知识产权局率团参观武汉六博光电！</span></p><p><br/></p><p><br/></p><p style=\"text-align: center;\"><br/></p><p style=\"text-align:center\"><img src=\"/media/story/images/20171027chanquanju2_20180317150417_545.jpg\" title=\"\" alt=\"20171027chanquanju2.jpg\"/></p><p><br/></p><p><br/></p><p style=\"text-align:center\"><img src=\"/media/story/images/20171027chanquanju_20180317150425_243.jpg\" title=\"\" alt=\"20171027chanquanju.jpg\"/></p><p><br/></p><p><br/></p><p><br/></p><p><br/></p><p style=\"text-align: center;\"></p><p><br/></p><p><br/></p><p><br/></p>', '3', '2018-03-17 12:01:15.164000', '2018-05-16 16:07:29.813000', '41', '1', '22', 'story/images/2018/03/20171027chanquanju.jpg');
INSERT INTO `oce_story` VALUES ('36', '统战部参观', 'tong-zhan-bu-can-guan', '<p style=\"text-align: left;\">&nbsp; &nbsp; &nbsp;</p><p style=\"text-align: left;\"><span style=\"font-family: 宋体, SimSun; font-size: 20px;\">&nbsp;&nbsp;&nbsp;&nbsp;2017年10月26日，统战部参观武汉六博光电技术有限责任公司！</span></p><p style=\"text-align: center;\"><span style=\"font-family: 宋体, SimSun; font-size: 20px;\"><br/></span></p><p><span style=\"font-family: 宋体, SimSun; font-size: 20px;\">&nbsp; &nbsp; &nbsp; &nbsp; &nbsp; &nbsp; &nbsp; &nbsp;&nbsp;</span></p><p style=\"text-align: center;\"><img src=\"/media/story/images/20171026tongzhanbu3_20180317150803_532.jpg\" title=\"\" alt=\"20171026tongzhanbu3.jpg\"/></p><p><br/></p><p><br/></p><p style=\"text-align:center\"><img src=\"/media/story/images/20171026tongzhanbu2_20180317150808_862.jpg\" title=\"\" alt=\"20171026tongzhanbu2.jpg\"/></p><p><br/></p><p><span style=\"font-family: 宋体, SimSun; font-size: 20px;\"><br/></span></p><p style=\"text-align: center;\"></p><p><span style=\"font-family: 宋体, SimSun; font-size: 20px;\"><br/></span><br/></p><p>&nbsp;</p><p>&nbsp;</p><p>&nbsp;</p><p>&nbsp;</p><p>&nbsp;</p><p>&nbsp;</p><p><br/></p>', '3', '2018-03-17 12:19:04.561000', '2018-05-16 16:07:44.032000', '83', '1', '22', 'story/images/2018/03/20171026tongzhanbu2.jpg');
INSERT INTO `oce_story` VALUES ('37', '武昌区人大视察六博光电', 'wu-chang-qu-ren-da-shi-cha-liu-bo-guang-dian', '<p>&nbsp;&nbsp;&nbsp;&nbsp;&nbsp; &nbsp;&nbsp;</p><p>&nbsp; &nbsp;&nbsp;</p><p style=\"text-align: left;\"><span style=\"font-family: 宋体,SimSun; font-size: 20px;\">&nbsp;&nbsp;&nbsp;&nbsp;2017年9月15日，武昌区人大莅临武汉六博光电技术责任有限公司视察指导工作，并给与了高度评价！</span></p><p>&nbsp;&nbsp;&nbsp;&nbsp;&nbsp;&nbsp;</p><p>&nbsp; &nbsp; &nbsp;&nbsp;</p><p style=\"text-align:center\"><img src=\"/media/story/images/20170915wuchangrenda2_20180317150200_682.jpg\" title=\"\" alt=\"20170915wuchangrenda2.jpg\"/></p><p>&nbsp; &nbsp; &nbsp; &nbsp; &nbsp; &nbsp; &nbsp; &nbsp; &nbsp; &nbsp; &nbsp;&nbsp;&nbsp;&nbsp;&nbsp;</p><p>&nbsp; &nbsp; &nbsp;</p><p style=\"text-align:center\"><img src=\"/media/story/images/20170915wuchangrenda_20180317150229_512.jpg\" title=\"\" alt=\"20170915wuchangrenda.jpg\"/></p><p><br/></p><p><br/></p><p><br/></p><p><br/></p><p><br/></p><p><br/></p><p style=\"text-align: center;\"><br/></p><p><br/></p><p><br/></p><p><br/></p><p>&nbsp;&nbsp;&nbsp;&nbsp;</p><p><br/></p>', '3', '2018-03-17 12:24:47.087000', '2018-05-16 16:07:36.774000', '162', '1', '22', 'story/images/2018/03/20170915wuchangrenda.jpg');

-- ----------------------------
-- Table structure for `product_news`
-- ----------------------------
DROP TABLE IF EXISTS `product_news`;
CREATE TABLE `product_news` (
  `id` int(11) NOT NULL AUTO_INCREMENT,
  `title` varchar(255) NOT NULL,
  `content` longtext NOT NULL,
  `create_time` datetime(6) NOT NULL,
  `update_time` datetime(6) NOT NULL,
  `view_counts` int(11) NOT NULL,
  `hot_level` int(11) DEFAULT NULL,
  `category` smallint(6) NOT NULL,
  `show_images` varchar(100) DEFAULT NULL,
  `user_id` int(11) DEFAULT NULL,
  PRIMARY KEY (`id`),
  KEY `product_news_user_id_65fe4522be26c6b2_fk_auth_user_id` (`user_id`),
  CONSTRAINT `product_news_user_id_65fe4522be26c6b2_fk_auth_user_id` FOREIGN KEY (`user_id`) REFERENCES `auth_user` (`id`)
) ENGINE=InnoDB DEFAULT CHARSET=utf8;

-- ----------------------------
-- Records of product_news
-- ----------------------------
